PROJECT_NAME,SPECIES,SEQ_ID,CF UNIT,PATIENT ID,ISOLATE ID,ISOLATION DATE,YEAR,MONTH,DAY,SEQUENCE TYPE,SEQUENCE TYPE (CURATED),MUTATOR?,MORPHOTYPE,PIP/TAZ,EUCAST ,CAZ,EUCAST,MER,EUCAST ,CIP,EUCAST ,COL,EUCAST ,TOL/TAZ,EUCAST ,CAZ/AVI,EUCAST,MER/VAB,EUCAST ,IMI/REL,EUCAST ,FDC,EUCAST ,Acquired R determinants,AME (CURATED),OTHERS Acquired (CURATED),PA0004_gyrB,PA0424_mexR,PA0425_mexA,PA0426_mexB,PA0427_oprM,PA0807_ampDh3,PA0958_oprD,oprD REF,PA1798_parS,PA1799_parR,PA2018_mexY,PA2019_mexX,PA2020_mexZ,PA2023_galU,PA2491_mexS,PA2492_mexT,PA2493_mexE,PA2494_mexF,PA2495_oprN,PA3047_PBP4,PA3168_gyrA,PA3574_nalD,PA3721_nalC,PA3999_PBP5,PA4003_PBP2,PA4020_mpl,PA4109_ampR,PA4110_ampC,PA4266_fusA1,PA4418_PBP3,PA4522_ampD,PA4597_oprJ,PA4598_mexD,PA4599_mexC,PA4600_nfxB,PA4776_pmrA,PA4777_pmrB,PA4964_parC,PA4967_parE,PA5471_armZ,PA5485_ampDh2,PA0355_pfpI,PA0357_mutM,PA0750_ung,PA1816_dnaQ,PA3002_mfd,PA3620_mutS,PA4366_sodB,PA4400_mutT,PA4468_sodM,PA4609_radA,PA4946_mutL,PA5147_mutM,PA5344_oxyR,PA5443_uvrD,PA5493_polA,PA0151_pupB,PA0192_optP,PA0197_tonB2,PA0198_exbB1,PA0199_exbD1,PA0362_fdx1,PA0404,PA0405_algH,PA0406_tonB3,PA0407_gshB,PA0434_optJ,PA0470_fiuA,PA0471_fiuR,PA0472_fiuI,PA0693_exbB2,PA0694_exbD2,PA0781_znuD,PA0929 _pirR,PA0930_pirS,PA0931_pirA,PA1008_bcp,PA1146,PA1176_napF,PA1271_btuB,PA1302_hxuA,PA1322_pfuA,PA1365_optN,PA1551,PA1584_sdhB,PA1613,PA1910_femA,PA1922_cirA,PA1931,PA1991,PA2057_sppR,PA2070_optM,PA2089_optL,PA2297,PA2335_optO,PA2385_pvdQ,PA2386_pvdA,PA2387_fpvI,PA2388_fpvR,PA2389_pvdR,PA2390_pvdT,PA2391_opmQ,PA2392_pvdP,PA2393,PA2394_pvdN,PA2395_pvdO,PA2396_pvdF,PA2397_pvdE,PA2398_fpvA,PA2399_pvdD,PA2402_pvdI,PA2426_pvdS,PA2466_foxA,PA2590_optF,PA2663_ppyR,PA2688_pfeA,PA2715,PA2911_optE,PA3268_optR,PA3397_fprA,PA3408_hasR,PA3490,PA3491_rnfC,PA3530_bfd,PA3531_bfrB,PA3621_fdxA,PA3753,PA3790_oprC,PA3809_fdx2,PA3812_iscA,PA3813_iscU,PA3899_fecI,PA3900_fecR,PA3901_fecA,PA4131,PA4156_fvbA,PA4158_fepC,PA4159_fepB,PA4160_fepD,PA4161_fepG,PA4168_fpvB,PA4175_piv,PA4221_fptA,PA4224_pchG,PA4225_pchF,PA4228_pchD,PA4229_pchC,PA4235_ftnA,PA4331,PA4358_feoB,PA4431,PA4513_piuB,PA4514_piuA,PALES48941_piuD,PA4515_piuC,PA4516_piuE,PA4655_hemH,PA4675_chtA,PA4687_hitA,PA4688_hitB,PA4710_phuR,PA4764_fur,PA4772,PA4811_fdnH,PA4834_cntI,PA4835_cntM,PA4836_cntL,PA4837_cntO,PA4880,PA4897_optI,PA5186,PA5216,PA5217,PA5248,PA5505,PA5531_tonB1
FDC_RYC,Pseudomonas aeruginosa,001-0440,HUSE,SE01,1,"February 21, 2019",2019,2,21,1089,1089,YES,mucoid,>64,R,>32,R,>16,R,4,R,1,S,8,R,>8,R,>8,R,>8,R,0.25,S,,,,S466F,,"N71S, D235G",L376V,E456G,,Q67X,LESB58,,,Y355H,,A194P,P123L,,,,,R127Q,,,,,,,,,,K430E,,,,,P129L,,,R287Q,,,,,,,,,,nt813Δ4,,,nt329InsC,,,,,,,"N540S, Y737C",R93C,,,,,,,,,P248L,,,,,,R389H,,,,,,,,H481R,,,,,W627R,,nt3Δ1,,,,V541M,,,,,,,,,,,,,,,,,DELETED,,,,,W779*,,,,,,,,A98T,G613S,,,,T78A,E710G,,,,L117V,,,,T293A,S70G,,nt696Δ1,,nt309InsC,,,,,,,,,V635M,,,Not present,S612T,,,,,,,,,,P102S,,,,,E106K,"D296A, A349T",,R444H,,,,nt650InsGGG
FDC_RYC,Pseudomonas aeruginosa,001-5978,HUSE,SE01,2,"February 21, 2020",2020,2,21,1089,1089,YES,mucoid,8,I,1,I,2,S,0.5,I,0.25,S,1,S,2,S,2,S,1,S,0.25,S,,,,S466F,,"N71S, D235G",L376V,E456G,,Q67X,LESB58,,,Y355H,,A194P,P123L,,,,,R127Q,,,,,,,,,,K430E,,,,,P129L,,,R287Q,,,,,,,,,,nt813Δ4,,,,,,,,,,"N540S, Y737C",R93C,,,,,,,,,P248L,,,,,,R389H,,,,,,,,H481R,,,,,W627R,,"nt3Δ1, nt806InsGGGG
",,,A305T,V541M,,,,,,,,nt52InsC,,,,,,,,,DELETED,,,,,W779*,,,,,,,,A98T,G613S,,,,T78A,E710G,,,,L117V,,,,T293A,S70G,,,,,,nt1305Δ3,,,,,,,V635M,,,Not present,S612T,,,,,,,,,,P102S,,,,,E106K,"D296A, A349T",,R444H,,,,nt650InsGGG
FDC_RYC,Pseudomonas aeruginosa,001-7071,HUSE,SE01,3,"March 19, 2021",2021,3,19,1089,1089,YES,mucoid,>64,R,>32,R,8,I,1,R,≤0.012,S,>8,R,2,S,>8,R,>8,R,0.25,S,,,,S466F,,"N71S, D235G","Q67R, L376V",E456G,,Q67X,LESB58,,,Y355H,,A194P,P123L,,,,N104S,R127Q,,,,,,,nt111InsG,,,K430E,,,,,,,L143P,R287Q,,,,,,,,,,nt813Δ4,,,,,,,,,,"Q483*, N540S, Y737C",R93C,,,,,,,,,P248L,,,,,,R389H,,,,,,,,,P513L,,,,W627R,,nt806InsG,,,,V541M,N3S,,,,,,,,,,,,,,,,DELETED,,,,,,,,,,,,,A98T,G613S,,,,T78A,"nt522Δ1, E710G",,,,L117V,W99*,,,T293A,S70G,,nt696Δ1,,,,,,,,,,,,,,Not present,S612T,,,,,,,,,,P102S,,"Y150C, A138V",,,E106K,"L938P, D296A, A349T",,R444H,,,,nt650InsGGG
FDC_RYC,Pseudomonas aeruginosa,002-5135,HUSE,SE02,1,"January 23, 2019",2019,1,23,312,312,NO,regular,16,I,2,I,4,I,0.25,I,1,S,1,S,4,S,4,S,2,S,0.25,S,,,,,,,,,,,MTB-1,A29V,,,,,,deleted,deleted,deleted,deleted,deleted,,,,,,,,,,,,,,,R225C,,,,,,,,,,,,,,,,,,,,,,,,,,,,,E141D,,,,,,,,,,,,,,,,,,,,,,,,,,,R359C,,,,,DELETED,,,,,I21L,,,,,,,,,,"E2372D, A617T ",,,,,,,,,,,,,,,,,,,,,,,,G586S,,,,,,nt1030Δ1,,,,,,,,,,,,,Not present,,,,,,,,,,,,A30V,Q90L,,,,,,,,,,S285T
FDC_RYC,Pseudomonas aeruginosa,002-5867,HUSE,SE02,2,"February 20, 2020",2020,2,20,312,312,NO,regular,16,I,2,I,8,I,0.5,I,0.5,S,1,S,2,S,>8,R,1,S,≤0.125,S,,,,,,,,,,,MTB-1,A29V,,,,,,deleted,deleted,deleted,deleted,deleted,,,,,,,,,,,,,,,R225C,,,,,,,,,,,,,,,,,,,,,,,,,P177T,,,,E141D,,,,,,,,,,,,,,,,,,,,,,,,,,,R359C,,,,,DELETED,,,,,I21L,,,,,,,,,,"E2372D, A617T ",,,,,,,,,,,,,,,,,,,,,,,,G586S,,,,,,,,,,,,,,,,,,,Not present,,,,,,,,,,,,A30V,Q90L,,,,,,,,,,S285T
FDC_RYC,Pseudomonas aeruginosa,002-6433,HUSE,SE02,3,"March 17, 2021",2021,3,17,312,312,NO,regular,4,I,2,I,1,S,0.5,I,0.25,S,1,S,2,S,1,S,1,S,≤0.125,S,,,,,,,,,,,MTB-1,A29V,,,,nt187Δ12,,deleted,deleted,deleted,deleted,deleted,,,,,,,,,,,,,,,R225C,,,,,,,,,,,,,,,,,,,,,,,,,,,,,E141D,,,,,,,,,,,,,,,,,,,,,,,,,,,R359C,,,,,DELETED,,,,,I21L,,,,,,,,,,"E2372D, A617T ",,,,,,,,,,,,,,,,,,,,,,,,G586S,,,,,,nt1030Δ1,,,,,,,,,,,,,Not present,,,,,,,,,,,,A30V,Q90L,,,,,,,,,,S285T
FDC_RYC,Pseudomonas aeruginosa,003-0062,HUSE,SE03,1,"December 5, 2018",2018,12,5,285,285,NO,regular,1,I,4,I,≤0.06,S,2,R,0.5,S,1,S,1,S,≤0.06,S,0.5,S,≤0.125,S,,,,E468D,,,,,,,LESB58,A345T,"R145Q, L90I",,S118G,,,,,,,,,,,,,,,,,,,,,,Q93L,,,,,,,,,,,,,,,,,,,,,,,,,,,,,,,,,,E602A,,,,,,,,,,,,,T458S,,R599H,,,,,,,,,,,,,"A245V, D142N",,V151A,,,,,P74S,,,A10V,,,,,A2114T,,,,,,,,S558F,,"T178S, Q150R",V4A,,,,,,,,,,,,,,T623S,,,,,T419S,,A305G,,C848Y,,,,G78S,,,,,Not present,,,,D194N,,,,,N94S,,,,,,,,,,,,,
FDC_RYC,Pseudomonas aeruginosa,003-5302,HUSE,SE03,2,"March 11, 2020",2020,3,11,285,285,NO,regular,1,I,2,I,≤0.06,S,2,R,0.5,S,1,S,1,S,≤0.06,S,0.5,S,≤0.125,S,,,,E468D,,,,,,,LESB58,A345T,"R145Q, L90I",,S118G,,,,,,,,,,,,,,,,,,,,,,Q93L,,,,,,,,,,,,,,,,,,,,,,,,,,,,,,,,,,E602A,,,,,,,,,,,,,T458S,,R599H,,,,,,,,,,,,,"A245V, D142N",,V151A,,,,,P74S,,,A10V,,,,,A2114T,,,,,,,,S558F,,"T178S, Q150R",V4A,,,,,,,,,,,,,,T623S,,,,,T419S,,A305G,,C848Y,,,,G78S,P264S,,,,Not present,,,,D194N,,,,,N94S,,,,,,,,,,,,,
FDC_RYC,Pseudomonas aeruginosa,003-5453,HUSE,SE03,3,"March 10, 2021",2021,3,10,285,285,NO,small colony variant,≤0.5,S/I,1,I,≤0.06,S,2,R,0.5,S,1,S,0.5,S,≤0.06,S,0.5,S,≤0.125,S,,,,E468D,,,,,,,LESB58,A345T,"R145Q, L90I",,S118G,,,,,,,,,,,,,,,,,,,,,,Q93L,,,G188S,,,,,,,,,,,,,,,,,,,,,,,,,,,,,,,E602A,,,,,,,,,,,,,T458S,,R599H,,,,,,,,,,,,,"A245V, D142N",,V151A,,,,,P74S,,,A10V,,,,,A2114T,,,,,,,,S558F,,"T178S, Q150R",V4A,,,,,,,,,,,,,,T623S,,,,,T419S,,A305G,,C848Y,,,,G78S,,,,,Not present,,,,D194N,,,,,N94S,,,,,,,,,,,,,
FDC_RYC,Pseudomonas aeruginosa,004-8869,HUSE,SE04,1,"January 28, 2020",2020,1,28,274,274,YES,regular,>64,R,>32,R,>16,R,>4,R,1,S,4,S,>8,R,>8,R,8,R,1,S,,,,S466F,,"Q114X, L338P",,,nt36Δ1,W65X,LESB58,,,"V1000M, D124N",,A194P,T14A,,,,,,,,,,N362S,,"P153S, nt111Δ1

",,,"R680C, D427N",V541M,,,D683G,,A30T,I212V,R287Q,,,,,,,,,,W708R,,,,,,,,,,,,V132A,,,,,,,,,,,,,,,,,,,,,,,,,,,,,"nt3InsCC, nt806InsGGG
",G135S,,,,,,,,,,,,"R517C, T534A",Q50*,,,,,,,DELETED,,E31G,,,,,,,,,,,A98T,G613S,,,,T78A,,,,,L117V,,H289R,,,,,,V164A,,,,,H734R,,,,,,,G431R,Not present,S612T,,,,,,,,,A641T,,,,,,,"D296A, A349T",R129C,R444H,,,H79R,
FDC_RYC,Pseudomonas aeruginosa,004-7991,HUSE,SE04,2,"September 9, 2020",2020,9,9,274,274,YES,regular,>64,R,>32,R,8,I,4,R,1,S,>8,R,4,S,8,S,1,S,2,S,,,,S466F,,"Q114X, L338P",S205G,,,W65X,LESB58,,,"V1000M, D124N",,A194P,T14A,,,,,,,,,,N362S,,"P153S, nt111Δ1

",,"G242S, N347S","R680C, D427N",V541M,,,,,,I212V,R287Q,,,,,,,,,,W708R,,,,,,,,,,,,V132A,,,,,,,,,,,,,,S252A,,,,,,,,,,,,,,,"nt3InsC, nt809InsGGGG
",G135S,,,,,,,,,,,,"R517C, T534A","L315P, Q50*",,,,,,,DELETED,,E31G,,,,,,,,,,,A98T,G613S,,,,T78A,,,,,L117V,,H289R,,,,,,V164A,,,,,H734R,,R18H,,,,,G431R,Not present,S612T,,,,,,,R349C,,"F362L, A641T",,,,,,,"D296A, A349T",R129C,R444H,,,,
FDC_RYC,Pseudomonas aeruginosa,004-5265,HUSE,SE04,3,"March 4, 2021",2021,3,4,NEW (274-aroE),274-aroE,YES,small colony variant,4,I,32,R,2,S,1,R,>4,R,2,S,0.5,S,2,S,0.25,S,1,S,,,,S466F,,"Q114X, L338P",,,,W65X,LESB58,,,"V1000M, D124N",,A194P,T14A,,,,,,,,,,N362S,,"P153S, nt111Δ1

",,G242S,"R680C, D427N",V541M,E120G,,,,,I212V,"R102C, R287Q",,,,,,,,,,W708R,,,,,,,,,,,,V132A,,,,,,,,,,,,,,S252A,,,,,,,,,,,,,,,"nt3InsCC, nt806InsGGG
",G135S,,,,,,,,,,,,"R517C, T534A","L315P, Q50*",,,,,,,DELETED,,E31G,,,,,,,,,,,A98T,G613S,,,,T78A,,,,,L117V,,H289R,,,,,,V164A,,,,,"G1242E, H734R",,,,,,,G431R,Not present,S612T,,,,,,,,,A641T,,,,,,,"D296A, A349T",R129C,R444H,,,,
FDC_RYC,Pseudomonas aeruginosa,005-2840,HUSE,SE05,1,"April 16, 2019",2019,4,16,NEW1 ,NEW1 ,NO,regular,8,I,4,I,0.5,S,0.5,I,>4,R,2,S,4,S,0.5,S,1,S,≤0.125,S,,,,,,,,,,,LESB58,V238L,,,,"nt535InsCC
",,,,,,,,,,,,,"nt111Δ1
",,,A21T,V373I,,,,,,,,,,H186N,,,,,,,,,,,,,,,,,T374A,I81S,,,,,,,,,,,,,S450P,,,,,Q4K,,,,T240I,,,H303R,,,,G366S,,,H341N,S610A,N223S,,,Y272F,T166I,,,,,,,,,,,,,DELETED,,,,,,,,,D405V,,,,,"P199L
",,,,,,,,,,,,,,,,,,A61V,,"K571E, S281A",,,"P116S, A150V","A136T, T211P
",,,,,,,Not present,,,,,V3D,,,,,V296I,,,,,,,,,,A467V,,
FDC_RYC,Pseudomonas aeruginosa,005-2269,HUSE,SE05,2,"February 10, 2020",2020,2,10,NEW1 ,NEW1 ,NO,regular,64,R,16,R,1,S,2,R,1,S,8,R,4,S,1,S,1,S,0.25,S,,,,nt1401Δ3,,,,,,,LESB58,V238L,,,,,,,,,,,,,,,,,"nt111Δ1
",,,"T671A, A21T",V373I,,,,,,,,,,H186N,,,,,,,,,,,,,,,,,T374A,I81S,,,,,,,,,,,,,,,,,,Q4K,,,,T240I,,,H303R,,,,G366S,,,H341N,S610A,N223S,,,Y272F,"T166I
",,,,,,,,,,,,,DELETED,,,,,,,,,D405V,,,,,"P199L
",,,,,,,,,,,,,,,,,,,,"K571E, S281A",,,"P116S, A150V","A136T, T211P
",,,,,,,Not present,,,,,V3D,,,,,V296I,,,,,,,,,,A467V,,
FDC_RYC,Pseudomonas aeruginosa,005-4672,HUSE,SE05,3,"March 22, 2021",2021,3,22,360,360,NO,regular,32,R,8,I,4,I,1,R,2,S,2,S,8,S,4,S,2,S,0.5,S,,,,,,,,,,,F23197,,,,,nt378Δ13,,,,,,,,,nt395Δ2,,,,,,,,L89V,,,,,,,R155H,,,,,,,,,,,,,,,,,,,,,,,,,,,,,,,,,,,,,,,,,,,,D719A,T604A,,,,,,,,nt1162Δ3,"RH, KQ
",,,,,,,,,,,,,,,,,,DELETED,,,,,,,,,,,,,,,,,,P20S,,,,,,,,,,,,,,,,,,,,,,,,,,,Not present,,R126C,,,,,,,,,,,,,,"A4T, R532H",,,,,,
FDC_RYC,Pseudomonas aeruginosa,006-9800,HUSE,SE06,1,"October 22, 2019",2019,10,22,242,242,NO,regular,8,I,16,R,0.5,S,0.25,I,1,S,1,S,2,S,0.5,S,2,S,0.25,S,,,,,,,,,,,LESB58,,,,,,,,,,,,,,,,,,,,,,,,,,,,,,,,,,,,,,,,,,,,,,,,,,,"P28Q, Q224H",,,,,,,,S104L,,,,,,,,,G23D,,,,,,,,,,,,,,,,V138L,,,,"E410K, K48E",,,,,G244S,,,,,,,,DELETED,,,,S91R,,,,,,,,T741S,,,,,,,,,,,,,,,,,,,,"G178S, K396E",,T257I,"H141Y, C54S",,,,,,,,L200V,S293L,Not present,,,,,,W81S,,,D621G,,,,,A652T,,H317P,,,,,,
FDC_RYC,Pseudomonas aeruginosa,006-7204,HUSE,SE06,2,"July 14, 2020",2020,7,14,242,242,NO,regular,8,I,8,I,0.12,S,0.25,I,1,S,1,S,2,S,0.12,S,0.12,S,0.25,S,,,,,,,,,,,LESB58,,,,,,,,,,,,,,,,,,,,,,,,,,,,,,,,,,,,,,,,,,,,,,,,,,,"P28Q, Q224H",,,,,,,,S104L,,,,,,,,,G23D,,,,,,,,,,,,,,,,V138L,,,,"E410K, K48E",,,,,G244S,,,,,,,,DELETED,,,,S91R,,,,,,,,T741S,,,,,,,,,,,,,,,,,,,,"G178S, K396E",,T257I,"H141Y, C54S",,,,,,,,L200V,S293L,Not present,,,,,,W81S,,,D621G,,,,,A652T,,H317P,,,,,,
FDC_RYC,Pseudomonas aeruginosa,006-6855,HUSE,SE06,3,"February 18, 2021",2021,2,18,242,242,NO,small colony variant,16,I,8,I,1,S,1,R,4,R,2,S,4,S,0.5,S,0.25,S,0.25,S,,,,,,,,,,,LESB58,,,,,nt407Δ11,,,,,,,,,,nt374Δ2,,,,,,,,,,,,,,,,,,,,,,,,,,,,,,,,,,,,"P28Q, Q224H",,,,,,,,S104L,,,,,,,,,G23D,,,,,,,,,,,,,,,,V138L,,,,"E410K, K48E",,,,,G244S,,,,,,,,DELETED,,,,S91R,,,,,,,,T741S,,,,,,,,,,,,,,,,,,,,"G178S, K396E",,T257I,"H141Y, C54S",,,,,,,,L200V,S293L,Not present,,,,,,W81S,,,D621G,,,,,A652T,,H317P,,,,,,
FDC_RYC,Pseudomonas aeruginosa,007-5966,HUSE,SE07,1,"September 12, 2019",2019,9,12,279,279,NO,small colony variant,1,I,8,I,≤0.06,S,0.25,I,1,S,1,S,1,S,≤0.06,S,0.5,S,≤0.125,S,,,,,,,M184V,,,,MTB-1,,,,,nt404Δ1,,,,,,,,,,,,,,,,,,,,,,,,,,,,,,,,,,,,,,,,,,,,,,,,,,,,,,,,,,,,,,,,,,,,T572N,,,,,,,,,,,nt1462Δ12,,,DELETED,,,,,,,,,,,,,,,V1183I,,,"N387S, G120S",,,,,,,,,,,,,,,,,,,,,,,,,,,,,,,,,,,,,,,,Not present,,,,,,,,,,,,,,,,,A784D,,,,K360E,,
FDC_RYC,Pseudomonas aeruginosa,007-1155,HUSE,SE07,2,"August 4, 2020",2020,8,4,279,279,NO,small colony variant,≤0.5,S/I,0.5,I,≤0.06,S,0.25,I,2,S,≤0.25,S,≤0.12,S,≤0.06,S,0.25,S,≤0.125,S,,,,,,,M184V,,,,MTB-1,,,,,nt404Δ1,,,,,,,,,,,,,,,,,,,,,,,,,,,,,,,,,,,,,,,,,,,,,,,,,,,,,,,,,,,,,,,,,,,,T572N,,,,,,,,,,,nt1462Δ12,,,DELETED,,,,,,,,,,,,,,,V1183I,,,"N387S, G120S",,,,,,,,,,,,,,,,,,,,,,,,,,,,,,,,,,,,,,,,Not present,,,,,,,,,,,,,,,,,A784D,,,,K360E,,
FDC_RYC,Pseudomonas aeruginosa,007-8998,HUSE,SE07,3,"February 10, 2021",2021,2,10,279,279,NO,small colony variant,≤0.5,S/I,1,I,≤0.06,S,0.25,I,1,S,0.5,S,0.5,S,≤0.06,S,0.12,S,≤0.125,S,,,,,,,M184V,,,,MTB-1,,,,,nt404Δ1,,,,,,,,,,,,,,,,,,,,,,,,,,,,,,,,,,,,,,,,,,,,,,,,,,,,,,,,,,,,,,,,,,,,T572N,,,,,,,,,,,nt1462Δ12,,,DELETED,,,,,,,,,,,,,,,V1183I,,,"N387S, G120S",,,,,,,,,,,,,,,,,,,,,,,,,,,,,,,,,,,,,,,,Not present,,,,,,,,,,,,,,,,,A784D,,,,K360E,,
FDC_RYC,Pseudomonas aeruginosa,008-5924,HUSE,SE08,1,"January 16, 2019",2019,1,16,NEW2,NEW2,NO,small colony variant,2,I,2,I,1,S,4,R,1,S,8,R,2,S,1,S,0.5,S,2,S,,,,,,,,,,,LESB58,,,V910L,,,,,,F221L,,,,T83A,,,,,,nt849Δ1,K308R,,,,,,,,,R12H,,,,,,,,,,,,,,,,,,,,"T335A, S469G",A729S,,,,,,,,,V466A,D301E,,,,V4M,P673L,,E272D,,,A101T,,I150V,,,S400N,,,"R574H, R376H",,,,,,,"P66L, R743H",,,,,,"C20R, Y50F",R142H,,,,,,,,,"S371N, D438N",A285V,"K4516R, G4479E, V2372D, A2061V, P1519R",,,,,,,"S504N, A562V",,,,,,,,,,,,,,,"V23A, G163S",,,,R13H,,,,,,,,nt88Δ1,,,,,,,"E806G, A384V",Not present,,,,,,,Y297H,,,,,,,,,,,,,,D224G,,
FDC_RYC,Pseudomonas aeruginosa,008-1318,HUSE,SE08,2,"December 19, 2019",2019,12,19,NEW2,NEW2,NO,regular,2,I,2,I,0.5,S,4,R,0.5,S,4,S,1,S,0.5,S,0.5,S,0.5,S,,,,,,,,,,,LESB58,,,V910L,,,,,,F221L,,,,T83A,,,,,,nt849Δ1,K308R,,,,,,,,,R12H,,,,,,,,,,,,,,,,,,,,"T335A, S469G",A729S,,,,,,,,,V466A,D301E,,,,V4M,P673L,,E272D,,,A101T,,I150V,,,S400N,,,"R574H, R376H",,,,,,,"P66L, R743H",,,,,,"C20R, Y50F",R142H,,,,,,,,,"S371N, D438N",A285V,"K4516R, G4479E, V2372D, A2061V, P1519R",,,,,,,"S504N, A562V",,,,,,,,,,,,,,,"V23A, G163S",,,,R13H,,,C80R,,,,,nt88Δ1,,,,,,,"E806G, A384V",Not present,,,,,,,Y297H,,,,,,,,,,,,,,D224G,,
FDC_RYC,Pseudomonas aeruginosa,008-4371,HUSE,SE08,3,"November 13, 2020",2020,11,13,NEW2-trpE,NEW2-trpE,NO,regular,>32,R,>32,R,16,R,2,R,0.5,S,8,R,8,S,4,S,2,S,2,S,,,,,,,V324A,,,,LESB58,,P51S,V910L,,,,,,,"R310Q, L894P",,,T83A,,,,,E126K,,,,Y155C,,,,R149C,,,R12H,A520T,,,,,,,,,,,,,,,,,,,,A729S,,,,,,,,,"G111S, V466A",D301E,,,,"L128P, V4M",P673L,,E272D,,,,,,,,S400N,,,"R574H, R376H",,,,,,,"P66L, R743H",,,,,,"E49K, Y50F",Q203*,,,,,,,N14S,,"A436T, S489G, D438N","S2401N, P128S, A285V","K4516R, G4479E, V2372D, A2061V, P1519R",L125P,,,,,,"S504N, A562V",,,nt46InsC,,,,,,,,,,,,"I291T, G163S",,,,R13H,,,,,,,,G835R,,,,,,,"E806G, A384V",Not present,,,,,,,"L22F, Y297H","D279N, D406G",,,,,,,,,,,,,D224G,,
FDC_RYC,Pseudomonas aeruginosa,009-9593,HUSE,SE09,1,"November 29, 2018",2018,11,29,1109,1109,NO,regular,≤0.5,S/I,32,R,4,I,2,R,0.5,S,2,S,0.5,S,2,S,1,S,4,R,,,,,,Q90X,,,,W138X,LESB58,,,"A400T, G287S",,,,,"T102A, L241P",E283A,,,R371H,D87N,C92Y,,,,V384M,,"D154G, V239A","Q678L, A608V, A481V",P527S,,,,,,,R287Q,,,,,,,,,,,,,,,,,,,,G586S,E568K,,,,,,,Q161E,V60L,,,,,,,,,,,,,,,R33*,V654I,,,,,"G459D, D721G",,,,,P34R,,DELETED,DELETED,"R651H, A572V",,,,,,"L446P, G469S",,,A127V,,,,DELETED,,,V26M,R22C,nt900InsC,,G235S,,,,,,P102L,"G394S, D118G, A658V",,,,,G660D,,,,,,,,Y620C,,,A13T,,F709V,P26S,,"P180H, A83T","P1784S, V1183L",G317S,,,,,,V616I,"D486G, E397G",Not present,,,,"G285S, G616S",,,,,"A649T, V861M",,,,Q77R,S610G,,,,,,,,
FDC_RYC,Pseudomonas aeruginosa,009-3047,HUSE,SE09,2,"November 22, 2019",2019,11,22,1109,1109,YES,regular,16,I,>32,R,4,I,2,R,>4,R,1,S,0.5,S,1,S,1,S,8,R,,,,,,Q90X,,,,W138X,LESB58,G74R,,"A400T, G287S",,,,,"T102A, L241P",E283A,,,R371H,D87N,,,,P442L,V384M,,"D107G, D154G, V239A","Q678L, A608V, A481V",P527S,,,,,,,"L171P, R287Q",,,,,,,,,,,,,,,T562A,,,,,G586S,,,,,,,,Q161E,V60L,,,,,,,,,A47V,,,,,,,V654I,,,,,D721G,,,,,P34R,,DELETED,DELETED,A572V,,,,,,"L446P, G469S",,,A127V,,,,DELETED,,,V26M,R22C,,,G235S,,,,,,P102L,"D118G, A658V",,,,,G660D,,,,,,,,Y620C,,,,,F709V,"P26S, P192L",,"P180H, A83T","P1784S, V1183L",,,,,,,V616I,"D486G, E397G",Not present,,,,,,,,,"A649T, V861M",,,,Q77R,S610G,,,,,,,,
FDC_RYC,Pseudomonas aeruginosa,009-0786,HUSE,SE09,3,"December 9, 2020",2020,12,9,1109,1109,NO,regular,1,I,>32,R,4,I,1,R,>4,R,2,S,2,S,1,S,2,S,4,R,,,,,,Q90X,,,,W138X,LESB58,,,"A400T, G287S",,,,,"T102A, L241P",E283A,,,R371H,D87N,,,,,V384M,,"D154G, V239A","Q678L, A608V, A481V",P527S,,,,,,,R287Q,,,,,,,,,,,,,,,,,,,,G586S,,,,,,,,Q161E,V60L,,,,,,,,,,,,,,,,V654I,,,,,D721G,,,,,P34R,,DELETED,DELETED,A572V,,,,,,"L446P, G469S",,,A127V,,,,DELETED,,,V26M,R22C,,,G235S,,,,,,P102L,"D118G, A658V",,,,,G660D,,,,,A69T,,,Y620C,,,,,F709V,P26S,,"P180H, A83T","P1784S, V1183L",,,,,,,V616I,"D486G, E397G",Not present,,,,,,,,,"A649T, V861M",,,,Q77R,S610G,,,,,,,,
FDC_RYC,Pseudomonas aeruginosa,010-6443,HUSE,SE10,1,"December 11, 2017",2017,12,11,360,360,NO,regular,16,I,2,I,4,I,0.25,I,2,S,1,S,2,S,2,S,0.25,S,0.5,S,,,,,,,,,,,F23197,,,,,,,,,,,,,,nt395Δ2,,,,,,,,V373I,,,,,,,,,,,,,,,,,,,,,,,,,,,,,,,,,,,,,,,,,,,,,,,,,,,D719A,T604A,,,,,,,,,,,,,,,,,,,,,,,,,,,DELETED,,,,,,,,,,,,,,,,,,,,,,,,,,,,,,,,,,,,,,,,,,,,,Not present,,R126C,,,,,,,,,,,,,,"A4T, R532H",,,,,,
FDC_RYC,Pseudomonas aeruginosa,010-6518,HUSE,SE10,2,"February 21, 2019",2019,2,21,360,360,NO,regular,16,I,8,I,2,S,0.5,I,2,S,2,S,4,S,4,S,0.25,S,0.5,S,,,,,,,,,,,F23197,,,,,,,,,,,,,,nt395Δ2,,,,,,,A21T,V373I,,,,,,,,,,,,,,,,,,,,,,,,,,,,,,,,,,,,,,,,,,,,,,,,,,,D719A,T604A,,,,,,,,,,,,,,,,,,,,,,,,,,,DELETED,,,,,,,,,,,,,,,,,,,,,,,,,,,,,,,,,,,,,,,,,,,,,Not present,,R126C,,,,,,,,,,,,,,"A4T, R532H",,,,,,
FDC_RYC,Pseudomonas aeruginosa,010-7858,HUSE,SE10,3,"January 21, 2020",2020,1,21,360,360,NO,regular,16,I,8,I,2,S,0.5,I,2,S,2,S,4,S,1,S,1,S,≤0.125,S,,,,,,,,,,,F23197,,,,,,,,,,,,,,,T50P,,,,,,,V373I,,,,,,,,,,,,,,,,,,,,,,,,,,,,,,,,,,,,,,,,,,,,,,,,,,,D719A,T604A,,,,,,,,,,,,,,,,,,,,,,,,,,,DELETED,,,,,,,,,,,,,,,,,,,,,,,,,,,,,,,,,,,,,,,,,,,,,Not present,,R126C,,,,,,,,,,,,,,"A4T, R532H",,,,,,
FDC_RYC,Pseudomonas aeruginosa,011-4349,HUSE,SE11,1,"October 23, 2017",2017,10,23,198,198,NO,regular,16,I,4,I,1,S,0.5,I,2,S,1,S,4,S,1,S,1,S,0.25,S,,,,,,I63V,,,,,PAO1,,,A772T,,,,,,,G1056D,D102N,,,,,,,,,,,,,,,,,,,P683S,,,,,,,,,,,,,,,,,,,,,,,,,,,,,,,L205W,,,,,,,,,,,,,,,,,,,,,,,,E794K,,,G707W,,,,,,,,,,,,,,I209V,"A3488V, K2839T, R1729H, G1408S",,,,,,,,,,,,,,,,,,,,,G146A,,,,,,,,,,,,,"G1501S
, R1C
",,,,,,,,Not present,,D49E,,,,,,,,,,,L355I,,,,"AT, DA
",,,,,,nt650InsGGG
FDC_RYC,Pseudomonas aeruginosa,011-8664,HUSE,SE11,2,"July 8, 2019",2019,7,8,2475,2475,NO,regular,4,I,4,I,2,S,0.12,I,2,S,1,S,2,S,0.5,S,1,S,0.5,S,,,,,,,,,,T159I,F23197,,,A772T,,,,,,,,,,,,,,,,,,,,,,,,,,,,,,,,,,,,,,,,,,,,,,,,"V118E, V132M",,,,,,,,,,,,,,I438T,,,,,,,,"D301H, H385L, T486I, Q539R",,"D86N, R140C",,,,,S591N,E131D,,,,,,,,,,,,,A291V,,,,,,,,,"R86L
",,I205V,,,,,,,,,,,,,,,,,,,,,,H65Y,,,,,nt1030Δ1,,,,,,,F9L,,,W690R,,,,Not present,,,,,G296R,,,,,,,,,,,"ED, G545D
",,,,,,
FDC_RYC,Pseudomonas aeruginosa,011-7257,HUSE,SE11,3,"February 3, 2020",2020,2,3,2475,2475,NO,regular,16,I,4,I,1,S,0.5,I,2,S,2,S,4,S,1,S,1,S,0.25,S,,,,,,,,,,T159I,F23197,,,A772T,,,,,,,,,,,,,,,,,,,,,,,,,,,,,,,,,,,,,,,,,,,,,,,,"V118E, V132M",,,,,,,,,,,,,,I438T,,,,,,,,"D301H, H385L, T486I, Q539R",,"D86N, R140C",,,"G215S
",,S591N,E131D,,,,,,,,,,,,,A291V,,,S145P,,,,,,"R86L
",,I205V,,,,,,,,,,,,,,,,,,,,,,H65Y,,,,,nt1030Δ1,,,,,,,F9L,,,W690R,,,,Not present,,,,,G296R,,,,,,,,,,,"ED, G545D
",,,,,,
FDC_RYC,Pseudomonas aeruginosa,012-0969,HUSE,SE12,1,"July 31, 2018",2018,7,31,277,277,NO,regular,2,I,2,I,0.25,S,0.25,I,1,S,2,S,4,S,0.25,S,1,S,≤0.125,S,,,,,,Y157X,,,,,F23197,,,,,,,,,,,,,,,,,,,,,,,,,,,,,,,,,,,,,,,,,,,,,,,,,,,,,,,,,,,,,,,,,,,,,,,,,,,,,,,,,,,,,,,,,,,,,,,,,,,,DELETED,DELETED,,,,,,,,,,,,,,,,,,,,,,,,,,,,,,,,,,,,,,,,,T553S,,,,Not present,,,,,,,,,,,,,,,,,,,,,,
FDC_RYC,Pseudomonas aeruginosa,012-2742,HUSE,SE12,2,"July 26, 2019",2019,7,26,277,277,NO,regular,1,I,2,I,0.5,S,0.25,I,2,S,2,S,2,S,0.12,S,0.5,S,0.25,S,,,,,,Y157X,,,,,F23197,,,,,,,,,,,,,,,,,,,,,,,,,,,,,,,,,,,,,,,,,,,,,,,,,,,,,,,,,,,,,,,,,,,,,,,,,,,,,,,,,,,,,,,,,,,,,,,,,,,,DELETED,DELETED,,,,,,,,,,,,,,,,,,,,,,,,,,,,,,,,,,,,,,,,,T553S,,,,Not present,,,,,,,,,,,,,,,,,,,,,,
FDC_RYC,Pseudomonas aeruginosa,012-2760,HUSE,SE12,3,"July 2, 2020",2020,7,2,277,277,NO,regular,≤0.5,S/I,2,I,0.5,S,0.25,I,1,S,1,S,1,S,0.25,S,2,S,≤0.125,S,,,,,,Y157X,,,,,F23197,,,,,,,,,,,,,,,,,,,,,,,,,,,,,,,,,,,,,,,,,,,,,,,,,,,,,,,,,,,,,,,,,,,,,,,,,,,,,,,,,,,,,,,,,,,,,,,,,,,,DELETED,DELETED,,,,,,,,,,,,,,,,,,,,,,,,,,,,,,,,,,,,,,,,,T553S,,,,Not present,,,,,,,,,,,,,,,,,,,,,,
FDC_RYC,Pseudomonas aeruginosa,013-1387,HUSE,SE13,1,"May 11, 2017",2017,5,11,1123,1123,NO,regular,8,I,4,I,1,S,0.5,I,1,S,2,S,4,S,0.5,S,1,S,≤0.125,S,,,,,,,,,,D43N,F23197,,,,,,,,,V156A,,,,,T188A,,,,,,,,,,,,,,,,,,,,,,,,,,,,,,,,,,,,"A271V, N334I",,,,,,,,,T728M,S33R,,,,,,A113G,,,,,,,,S538N,,,,,,G429A,,,,V218A,,,"V163I, N606D",,,,,,,,,,H383Y,,,DELETED,DELETED,,,,,,,L19P,,,,,,,,,,,,,,,,,,,,Q209P,,,,,T67K,D207N,P558S,,"G1779S, A1763T, A636V, H548Y, E139D",D142N,,,"A292S, C99G",,,,,Not present,,,,,,,,,,,,"Q65L, L8P",,R620C,,,,,,A516V,,
FDC_RYC,Pseudomonas aeruginosa,013-2748,HUSE,SE13,2,"June 7, 2018",2018,6,7,1123,1123,NO,mucoid,16,I,4,I,2,S,0.5,I,2,S,1,S,4,S,2,S,0.5,S,0.5,S,,,,,,,,,,D43N,F23197,,,,,,,,,V156A,,,,,T188A,,,,,,,,,,,,,,,,,,,,,,,,,,,,,,,,,,,,"A271V, N334I",,,,,,,,,T728M,S33R,,,,,,A113G,,,,,,,,S538N,,,,,,G429A,,,,V218A,,,"V163I, N606D",,,,,,,,,,H383Y,,,DELETED,DELETED,,,,,,,L19P,,,,,,,,,,,,,,,,,,,,Q209P,,,,,T67K,D207N,P558S,,"G1779S, A1763T, A636V, H548Y, E139D",D142N,,,"A292S, C99G",,,,,Not present,,,,,,,,,,,,"Q65L, L8P",,R620C,,,,,,A516V,,
FDC_RYC,Pseudomonas aeruginosa,013-0154,HUSE,SE13,3,"June 20, 2019",2019,6,20,1123,1123,NO,regular,8,I,4,I,0.5,S,0.5,I,2,S,2,S,4,S,0.5,S,0.5,S,≤0.125,S,,,,,,,,,,D43N,F23197,,,,,,,,,V156A,,,,,T188A,,,,,,,,,,,,,,,,,,,,,,,,,,,,,,,,,,,,"A271V, N334I",,,,,,,,,T728M,S33R,,,,,,A113G,,,,,,,,S538N,,,,,,G429A,,,,V218A,,,"V163I, N606D",,,,,,,,,,H383Y,,,DELETED,DELETED,,,,,,,L19P,,,,,,,,,,,,,,,,,,,,Q209P,,,,,T67K,D207N,P558S,,"G1779S, A1763T, A636V, H548Y, E139D",D142N,,,"A292S, C99G",,,,,Not present,,,,,,,,,,,,"Q65L, L8P",,R620C,,,,,,A516V,,
FDC_RYC,Pseudomonas aeruginosa,014-5818,HUSE,SE14,1,"January 22, 2018",2018,1,22,319,319,NO,regular,8,I,4,I,0.25,S,32,I,2,S,0.25,S,2,S,0.12,S,0.25,S,≤0.125,S,,,,,,,,,,,UCBPP-PA14,,,,,,,,,T202P,,,V289I,,,,,S376N,,,,,,,,,,,,,,A342V,,,,,,,,,,,,,,,,,,,,P102L,,,,,,A34V,,,"V277I, V19A",,,,,,R65L,,,,,,G550D,K506N,,,,,,,V496D,,,D811N,G24S,D440N,,DELETED,,,,,,,D47E,,,,,,DELETED,DELETED,,,A75D,,"T123A, A97V",,,,,R616H,,"P370A, A352T, A90G",,,,T98S,,,A26T,,,,,E148A,,,,,,,,,V37M,,D303G,,"R59Q, D145N",,,,,,A430V,Not present,T411I,,,,,,,T691P,,A622V,,,,,,,,,,,L350Q,,
FDC_RYC,Pseudomonas aeruginosa,014-4688,HUSE,SE14,2,"April 11, 2019",2019,4,11,319,319,NO,regular,2,I,4,I,0.12,S,1,R,1,S,2,S,2,S,≤0.06,S,1,S,≤0.125,S,,,,,,,nt68InsG,,,,UCBPP-PA14,,,,,nt373Δ1,,,,T202P,,,V289I,D87G,,,,S376N,,,,,,,,,,,,,,A342V,,,,,,,,,,,,,,,,,,,,P102L,,,,,,A34V,,,"VL, V277I, V19A",,,,,,R65L,,,,,,G550D,K506N,,,,,,,V496D,,,D811N,G24S,D440N,,DELETED,,,,,,,D47E,,,,,,DELETED,DELETED,,,V43A,,"T123A, A97V",,,,,R616H,,"P370A, A352T, A90G",,,,T98S,,,A26T,,,,,E148A,,,,,,,,,V37M,,D303G,,"R59Q, D145N",,,,,,A430V,Not present,T411I,,,,,,,T691P,,A622V,,,,,,,,,,,L350Q,,
FDC_RYC,Pseudomonas aeruginosa,014-4114,HUSE,SE14,3,"October 31, 2019",2019,10,31,319,319,NO,regular,4,I,4,I,0.25,S,4,R,1,S,2,S,2,S,≤0.06,S,1,S,≤0.125,S,,,,,,,nt68InsG,,,,UCBPP-PA14,,,,,nt373Δ1,,,,T202P,,,V289I,D87G,,,,S376N,,,,,,,,,,,,,,A342V,,,,,,,,,,,,,,,,,,,,P102L,,,,,,A34V,,,"V277I, V19A",,,,,,R65L,,,,,,G550D,K506N,,,,,,,V496D,,,D811N,G24S,D440N,,DELETED,,,,,,,D47E,,,,,,DELETED,DELETED,,,V43A,,"T123A, A97V",,,,,R616H,,"P370A, A352T, A90G",,,,T98S,,,A26T,,,,,E148A,,,,,,,,,V37M,,D303G,,"R59Q, D145N",,,,,,A430V,Not present,T411I,,,,,,,T691P,,A622V,,,,,,,,,,,L350Q,,
FDC_RYC,Pseudomonas aeruginosa,015-8860,HUSE,SE15,1,"May 24, 2019",2019,5,24,412,412,NO,regular,32,R,16,R,4,I,2,R,1,S,1,S,2,S,2,S,2,S,≤0.125,S,"aadA1, aadA2, cmlA1","aadA1, aadA2",cmlA1,S466A,,,,,,nt389Δ11,LESB58 ,M323V,M59I,,,nt227Δ1,,,,,,,"N110Y, A340T",,Y89X,,,,,,,,,,,,F118S,,,,,,,,,,,,,,,,,,,,,,,,,,,,,,,,,"R423C, P424T",,,,,,D286G,,,E648K,,,,,,,"Q405*, P103L,  G575S",,,,,,,,V768A,,A116T,,,,,,,,,A218V,,,,,,DELETED,DELETED,,,P105Q,S13P,,,,,,,,nt1322Δ1,,L280F,,,,,,,A8V,,,, S572N,,,,,,,,,,,"nt4351InsGGGCGATCAACT, V1751M",,F22L,,,K655N,,"E553K, P390H, A143V",Not present,,,,,,,,"M289K, D414Y
,D572V
",,R640H,,,A51T,,G104S,,V530L,,,,V431L,,D291H
FDC_RYC,Pseudomonas aeruginosa,015-7676,HUSE,SE15,2,"March 22, 2020",2020,3,22,412,412,NO,mucoid,32,R,16,R,2,S,2,R,1,S,1,S,2,S,1,S,2,S,≤0.125,S,"aadA1, aadA2, cmlA1","aadA1, aadA2",cmlA1,S466A,,,,,,nt389Δ11,LESB58 ,M323V,M59I,,,nt227Δ1,,,,,,,"N110Y, A340T",,Y89X,,,,,,,,,,,,F118S,,,,,,,,,,,,,,,,,,,,,,,,,,,,,,,,,"R423C, P424T",,,,,,D286G,,,E648K,,,,,,,"Q405*, P103L,  G575S",,,,,,,,V768A,,A116T,,,,,,,,,A218V,,,,,,DELETED,DELETED,,,P105Q,S13P,,,,,,,,nt1322Δ1,,L280F,,,,,,,A8V,,,, S572N,,,,,,,,,,,V1751M,,F22L,,,K655N,,"E553K, P390H, A143V",Not present,,,,,,,,"M289K, D414Y
,D572V
",,R640H,,,A51T,,G104S,,V530L,,,,V431L,,D291H
FDC_RYC,Pseudomonas aeruginosa,015-4963,HUSE,SE15,3,"March 10, 2021",2021,3,10,412,412,NO,mucoid,≤0.5,S/I,1,I,1,S,2,R,1,S,0.5,S,0.5,S,0.5,S,0.5,S,≤0.125,S,aadA8b,aadA8b,,S466A,,,,,,L11Q,LESB58,M323V,M59I,,,nt227Δ1,,,,,,,,,,,,,,,,,,,,,F118S,,,,,,,,,,,,,,,,,,,,,,,,,,,,,,,,,"R423C, P424T",,,,,,D286G,,,E648K,,,,,,,"P103L,  G575S",,,,,,,,V768A,,A116T,,,,,,,,,A218V,,,,,,DELETED,DELETED,,,,S13P,,,,,,,,,,L280F,,,,,,,A8V,,,, S572N,,,,,,,,,,,V1751M,,F22L,,,K655N,,"E553K, P390H, A143V",Not present,,,,,,,,,,R640H,,,A51T,,,,V530L,,,,,,D291H
FDC_RYC,Pseudomonas aeruginosa,016-2856,HUSE,SE16,1,"November 29, 2017",2017,11,29,252,252,NO,mucoid,>64,R,>32,R,16,R,0.5,I,1,S,2,S,8,S,8,S,4,R,2,S,,,,,,,,,,,LESB58,,,,,,E161G,,,,,,,,,,,,,,,,,,,,,,,,,,,,,,,,,,,,,,,,,,,,G405A,,,,,,,,,,,,,,,"D530V, R10L",,"D433E
",,,,,,,,G681S,,,,,,,,,,,DELETED,DELETED,DELETED,DELETED,DELETED,DELETED,DELETED,DELETED,DELETED,DELETED,DELETED,DELETED,DELETED,DELETED,DELETED,DELETED,DELETED,DELETED,,,,,V590M,,,nt356Δ13,,,,G218S,,,,,,,,,,V311I,,,,,,,,A8T,,,,"P1529S, S1510L, A1065S, P850L, A843T, S801N, D725N",D186G,,,,,,,Not present,,,,,,A283T,,,,,,,,,,,,,,,,,
FDC_RYC,Pseudomonas aeruginosa,016-0109,HUSE,SE16,2,"June 21, 2018",2018,6,21,252,252,NO,regular,16,I,8,I,4,I,2,R,2,S,2,S,4,S,4,S,2,S,2,S,,,,,,,,,,,LESB58,,,,,A144V,E161G,,,,,,,,,,,,,,,,,,,,,,,,,,,,,,,,,,,,,,,,,,,,G405A,,,,,,,,,,,,,,,"D530V, R10L",,"D433E
",,,,,,,,G681S,,,,,,,,,,,DELETED,DELETED,DELETED,DELETED,DELETED,DELETED,DELETED,DELETED,DELETED,DELETED,DELETED,DELETED,DELETED,DELETED,DELETED,DELETED,DELETED,DELETED,,,,,V590M,,,nt356Δ13,,,,G218S,,,,,,,,,,V311I,,,,,,,,A8T,,,,"P1529S, S1510L, A1065S, P850L, A843T, S801N, D725N",D186G,,,,,,,,Not present,,,,,A283T,,,,,,,,,,,,,,,,,
FDC_RYC,Pseudomonas aeruginosa,016-4264,HUSE,SE16,3,"April 19, 2019",2019,4,19,408,408,NO,regular,2,I,2,I,1,S,0.5,I,2,S,0.5,S,1,S,0.5,S,0.5,S,≤0.125,S,,,,,,,,,,,FRD1,V238L,,,,,,,,,,,,,,,,,A356V,,,,,,,,,,,,,,,,,,,,,,,,,,,,,,,Q705R,,,,,,,,,,,"V749M, P130S
",,,,,,,,A398T,,,,,A25G,,,,,,,,,,,,,,DELETED,,,,,,,,,,,,,,,,,,,H696N,,,,,,,,,,,,,,,,,,,,,,G578,,,,nt1030Δ1,,,,,,,,,P112L,,,,,Not present,,,,,,,,,,,,,,,,,,,A278G,,,A189V
FDC_RYC,Pseudomonas aeruginosa,017-0755,HUSE,SE17,1,"February 7, 2017",2017,2,7,274,274,YES,regular,64,R,32,R,2,S,4,R,0.25,S,2,S,2,S,1,S,2,S,0.5,S,,,,nt2067InsGACTAC,,G72D,D153G,A53V,,nt839insC,LESB58,E91K,,V875M,,nt596Δ1,,,,,,,,T83I,,,,,,,,Y683S,,Q51X,,,,,T116I,R259C,,P559L,,,,,,,,,,,,,I18S,,,,,,,P177T,,,,,,,,,,,,,,,,,,G29D,,,T203A,L63F,,,,,,G698D,,,,,V121A,,,,,,,,,,,,,,,,,DELETED,,,,,,,,,L205M,,F67L,,A98T,,,,,,,,,,L117V,,,,,,R6C,,,,,,,,"P8S, E382K
",,,,,,,Not present,S612T,,,V19A,,,,,,"T68I, V288A",,,,,nt1InsG,,D296A,,"Y10C, G300S, R444H",,,,
FDC_RYC,Pseudomonas aeruginosa,017-3115,HUSE,SE17,2,"March 16, 2018",2018,3,16,274,274,NO,mucoid,>64,R,16,R,1,S,1,R,1,S,2,S,2,S,0.5,S,0.25,S,≤0.125,S,,,,,,,,,,,LESB58,,,V875M,,E71X,,deleted,deleted,deleted,deleted,deleted,,,,,,,nt1260InsC,,,Y683C,,,,,,,,,,,,,,,,,,,,,,,,,,,,,,P177T,,,,,,,,,,,,,,,,,,,,,T203A,L63F,,,,,,,,,,,,,,,,,,,,,,,,,,,,DELETED,,,,,,,,,L205M,,,,A98T,,,,,,,,,,L117V,,,,,,R6C,,,,,,,,,,,,,,,Not present,S612T,,,,,,,,,,,,,,S84N,,D296A,,R444H,,,,
FDC_RYC,Pseudomonas aeruginosa,017-8321,HUSE,SE17,3,"March 11, 2020",2020,3,11,274,274,NO,regular,>64,R,32,R,2,S,0.5,I,2,S,2,S,4,S,1,S,0.5,S,≤0.125,S,,,,,,,,,,,LESB58,,,V875M,,,,deleted,deleted,deleted,deleted,deleted,,,,,,,nt1260InsC,,,Y683C,,,,,,,,,,,,,,,,,,,,,,,,,,,,,,P177T,,,,,,,,,,,,,,,,,,,,,T203A,L63F,,,,,,,,,,,,,,,,,,,,,,,,,,,,DELETED,,,,,,,,,L205M,,,,A98T,,,,,,,,,,L117V,,,A446T,,,R6C,,,,,,,,,,,,,,,Not present,S612T,,,,,,,,,,,,,,S84N,,D296A,,R444H,,,,
FDC_RYC,Pseudomonas aeruginosa,018-9439,HUSE,SE18,1,"February 25, 2016",2016,2,25,312,312,NO,regular,32,R,8,I,8,I,1,R,1,S,2,S,8,S,8,S,1,S,0.25,S,,,,,nt273Δ2,,,,,,MTB-1,A29V,,,,,,deleted,deleted,deleted,deleted,deleted,,,,,,,,,,,,,,,R225C,,,,,,,,,,,,,,,,,,,,,,,,,,,,,E141D,,,,,,,,,,,,,,,,,,,,,,,,,,,R359C,,,,,DELETED,,,,,I21L,,,,,,,,,,E2372D,,,,,,,,,,,,,,,,,,,,,,,,G586S,F157S,,,,,,,,,,,,,,,S165A,,,Not present,,,,,,,,,,P692T,,A30V,Q90L,,,,,,,,,,S285T
FDC_RYC,Pseudomonas aeruginosa,018-6285,HUSE,SE18,2,"March 8, 2017",2017,3,8,312,312,NO,regular,4,I,2,I,2,S,0.5,I,0.5,S,0.5,S,1,S,2,S,1,S,≤0.125,S,,,,,,,,,,,MTB-1,A29V,,,,,,deleted,deleted,deleted,deleted,deleted,,,,,,,,,,,,,Q234X,,R225C,,,,,,,,,,,,,,,,,,,,,,,,,,,,,E141D,,,,,,,,,,,,,,,,,,,,,,,,,,,R359C,,,,,DELETED,,,,,I21L,,,,,,,,,,E2372D,,,,,,,,,,,,,,,,,,,,,,,,G586S,,,,,,,,,,,,,,,,,,,Not present,,,,,,,,,,P692T,,A30V,Q90L,,,,,,,,,,S285T
FDC_RYC,Pseudomonas aeruginosa,018-7126,HUSE,SE18,3,"February 12, 2019",2019,2,12,312,312,NO,regular,64,R,16,R,4,I,2,R,0.25,S,2,S,2,S,4,S,1,S,≤0.125,S,,,,S466F,,,,,,,MTB-1,A29V,,,,,,deleted,deleted,deleted,deleted,deleted,,,,,,,,,,,,,Q234X,,R225C,,,,,,,,,,,,,,,,,,,,,,,,,,,,,E141D,,,,,,,,,,,,,,,,,,,,,,,,,,,R359C,,,,,DELETED,,,,,I21L,,,,,,,,,,E2372D,,,,,,,,,,,,,,,,,,,,,,,,G586S,,,,,,,,,,,,,,,,,,,Not present,,,,,,,,,,P692T,,A30V,Q90L,,,,,,,,,,S285T
FDC_RYC,Pseudomonas aeruginosa,019-9746,HUSE,SE19,1,"February 11, 2016",2016,2,11,1092,1092,NO,regular,≤0.5,S/I,1,I,≤0.06,S,1,R,1,S,0.5,S,0.25,S,≤0.06,S,0.12,S,≤0.125,S,,,,,,,,,,,LESB58,,,,,,,,,,,R363H,,,,,,,,,,R680C,,,,,,,,,,,,,,,,,,,,,,,,,,,,,P14H,,,,,,,,P247S,E31D,E473Q,,,,,,,,,,G88D,,,,D328G,,,,,,T616A,,,,,,,,S759N,,,,,,F312L,,"P64L, I132T",,,,,DELETED,,"A1016G, D423Y",,,"W646R, D577G",,,,,,,"L665M, A91V",,E223K,,,,,,,,,,,,A114S,,,,,P18L,,,,,,,,,G181E,,,,Not present,"T333I, P522L, T605I, A655",,,,,,,V601A,,V799I,,,,,,,,,,,,,P171T
FDC_RYC,Pseudomonas aeruginosa,019-0943,HUSE,SE19,2,"August 11, 2016",2016,8,11,1092,1092,NO,regular,16,I,4,I,≤0.06,S,2,R,1,S,1,S,2,S,≤0.06,S,0.25,S,≤0.125,S,,,,,,,,,,,LESB58,,,,,,,,,,,R363H,,,,,,,,,,R680C,,,,,,,,,,,,,,,,,,,,,,,,,,,,,P14H,,,,,,,,P247S,E31D,E473Q,,,,,,,,,,G88D,,,,D328G,,,,,,T616A,,,,,,,,S759N,,,,,,F312L,,"P64L, I132T",,,,,DELETED,,"A1016G, D423Y",,,"W646R, D577G",,,,,,,"L665M, A91V",,E223K,,,,,,,,,,,,A114S,,,,,P18L,,,,,,,,,G181E,,,,Not present,"T333I, P522L, T605I, A655",,,,,,,V601A,,V799I,,,,,,,,,,,,,P171T
FDC_RYC,Pseudomonas aeruginosa,019-6618,HUSE,SE19,3,"November 28, 2018",2018,11,28,1092,1092,NO,regular,≤0.5,S/I,0.5,I,≤0.06,S,1,R,1,S,0.25,S,0.5,S,≤0.06,S,0.12,S,≤0.125,S,,,,,,,,,,,LESB58,,,,,,,,,,,R363H,,,,,,,,,,R680C,,,,,,,,,,,,,,,,,,,,,,,,,,,,,P14H,,,,,,,,P247S,E31D,E473Q,,,,,,,,,,G88D,,,,D328G,,,,,,T616A,,,,,,,,S759N,,,,,,F312L,,"P64L, I132T",,,,,DELETED,,"A1016G, D423Y",,,"W646R, D577G",,,,,,,"L665M, A91V",,E223K,,,,,,,,,,,,A114S,,,,,P18L,,,,,,,,,G181E,,,,Not present,"T333I, P522L, T605I, A655",,,,,,,V601A,,V799I,,,,,,,,,,,,,P171T
FDC_RYC,Pseudomonas aeruginosa,020-3695,HUSE,SE20,1,"November 17, 2016",2016,11,17,1072,1072,NO,regular,>64,R,>32,R,1,S,0.5,I,0.5,S,2,S,2,S,1,S,1,S,0.25,S,,,,,,N269S,R716C,,"P55S, D7E",,MTB-1,,,,,V43G,,,,,,,nt521InsAAGGTCAACGTGCAG,,,,,,,,,,,,,,,T140P,,,,,L192F,,,,,,,,,,,,,,,,,,R694H,,,,,,,,H262Y,,"D424A, A420D, A416T",,,,,,,Q423*,N698S,,,,A544T,,G531D,,,,,,,,,S22N,L384Q,,,DELETED,L31M,,A158T,,,,S33T,,,,V14I, E65G,,DELETED,,,,,,,,,,,,"V506A, D474G, A368V, E341G, V77M",,,,,,,,,,,,"V57I, I73V",,,,,,,,,,,,"R1809Q, A1754P, A1497S, D652G",,R238H,,D130V,,,,Not present,,,,G150D,,,,E654V,,D770G,,,,,,,,,"S395R, V184I",,,,
FDC_RYC,Pseudomonas aeruginosa,020-628,HUSE,SE20,2,"October 11, 2017",2017,10,11,1072,1072,NO,regular,>64,R,>32,R,2,S,1,R,2,S,8,R,8,S,0.5,S,1,S,0.5,S,,,,,,N269S,R716C,,"P55S, D7E",,MTB-1,,,,,V43G,,,,,,,,,,,,,,,,,,,,,,T140P,,,,,L192F,,,,,,,,,,,,,,,,,,R694H,,,,,,,,H262Y,,"D424A, A420D, A416T",,,,,,,Q423*,N698S,,,,A544T,Q515*,G531D,,,,,,,,,S22N,L384Q,,,DELETED,L31M,,A158T,,,,,,,,V14I, E65G,,DELETED,,,,,,,,,,,,"V506A, D474G, A368V, E341G, V77M",,,,,,,,,,,,"V57I, I73V",,,,,,,,,,,,"R1809Q, A1754P, A1497S, D652G",,R238H,,D130V,,,,Not present,,,,,,,,E654V,,D770G,,,,,,,,,"S395R, V184I",,,,
FDC_RYC,Pseudomonas aeruginosa,020-0447,HUSE,SE20,3,"July 30, 2018",2018,7,30,1072,1072,NO,regular,64,R,16,R,≤0.06,S,0.5,I,0.5,S,4,S,4,S,≤0.06,S,0.06,S,≤0.125,S,,,,,,N269S,R716C,,"P55S, D7E",,MTB-1,,,,,W185X,,nt769Δ1,V266F,,,,,,,,,,,,,,,,,,,T140P,,,,,L192F,,,,,,,,,,,,,,,,,,R694H,,,,,,,,H262Y,,"D424A, A420D, A416T",,,,,,,Q423*,N698S,,,,A544T,,G531D,,,,,,,,,S22N,L384Q,,,DELETED,L31M,,A158T,,,,,,,,V14I, E65G,,DELETED,,,,,,,,,,,,"V506A, D474G, A368V, E341G, V77M",,,,,,,,,,,,"V57I, I73V",,,,,,,,,,,,"R1809Q, A1754P, A1497S, D652G",,R238H,,D130V,,,,Not present,,,,,,,,E654V,,D770G,,,P415L,,,,,,"S395R, V184I",,,,
FDC_RYC,Pseudomonas aeruginosa,021-9884,HUSE,SE21,1,"February 15, 2016",2016,2,15,198,198,NO,regular,8,I,8,I,1,S,0.5,I,1,S,2,S,4,S,0.5,S,1,S,0.25,S,,,,,,I63V,,,,,PAO1,,,"G978D, A772T",,,,,,,G1056D,"D102N, A162V",,,,,,,,,,,,,,,,,,,P683S,,,,,,,,,,,,,,,,,,,,,,,,,,,,,,V214I,L205W,,,,,,,,,,,,,,,,,,,,,,,,E794K,,,,,,,,,,,,,,,,,"H976Q, V951A,  I209V","K2839T, R1729H, G1408S",,,,,,,,,,,,V194A,,,,,,,,,G146A,,,,,,,,,,,,,,,,,,,,,Not present,,D49E,,,,,,,,,,,,,,,,,,,,,
FDC_RYC,Pseudomonas aeruginosa,021-2955,HUSE,SE21,2,"May 9, 2019",2019,5,9,198,198,NO,small colony variant,≤0.5,S/I,0.5,I,≤0.06,S,0.06,I,1,S,0.5,S,0.5,S,≤0.06,S,0.25,S,≤0.125,S,,,,,,I63V,,V425G,,,PAO1,,,"G978D, A772T",,,,,,,G1056D,"D102N, A162V",,,,,,,,,,,,,,,,,,,P683S,,,,,,,,,,,,,,,,,,,,,,,,,,,,,,V214I,L205W,,,,,,,,,,,,,,,,,,,,,,,,E794K,,,,,,,,,,,,,,,,,"H976Q, V951A,  I209V","K2839T, R1729H, G1408S",,,,,,,,,,,,V194A,,,,,,,,,G146A,,,,,,,,,,,,,,,,,,,,,Not present,,D49E,,,,,,,,,,,,,,,,,,,,,
FDC_RYC,Pseudomonas aeruginosa,021-4234,HUSE,SE21,3,"September 30, 2019",2019,9,30,198,198,NO,small colony variant,16,I,4,I,1,S,1,R,1,S,2,S,8,S,0.5,S,1,S,0.25,S,,,,,,I63V,,,,,PAO1,,,"G978D, A772T",,nt593Δ12,,,,,G1056D,"D102N, A162V",,,,,,,,,,,,,,,,,,,P683S,,,,,,,,,,,,,,,,,,,,,,,,,,,,,,V214I,L205W,,,,,,,,,,,,,,,,,,,,,,,,E794K,,,,,,,,,,,,,,,,,"H976Q, V951A,  I209V","K2839T, R1729H, G1408S",,,,,,,,,,,,V194A,,,,,,,,,G146A,,,,,,,,,,,,,,,,,,,,,Not present,,D49E,,,,,,,,,,,,,,,,,,,,,
FDC_RYC,Pseudomonas aeruginosa,022-5179,HUSE,SE22,1,"October 16, 2013",2013,10,16,NEW3,NEW3,NO,regular,8,I,4,I,2,S,0.25,I,2,S,1,S,8,S,1,S,1,S,0.25,S,,,,,,,,,,,LESB58,,,,,,,,,,,,,,,,,,,,,,,,,,T304A,,,,,,,,,,,,,,,,,,,,,,,,,"P18S, P94S",,,,,,,,,D666Q,,L116M,,,,,A287V,N581S,,R26H,,,P304S,,,,,,,,,,,L11M,,,,,,,,,,,,,,,,,DELETED,,,,,F311L,,,,,,,,,,,,,,,,,,,,,,,,,,nt1030Δ1,,,V386A,,,,,,,,,,Not present,,,,,,,T451I,,,,,,,,T557A,,D519N,A61V,,,,,
FDC_RYC,Pseudomonas aeruginosa,022-5546,HUSE,SE22,2,"July 10, 2014",2014,7,10,2101,2101,NO,mucoid,16,I,4,I,0.25,S,0.25,I,1,S,1,S,4,S,0.25,S,0.5,S,0.25,S,,,,,,,,,,,LESB58,,,,,,,,,,,,,,,,,,,,,,,,,,,,,,,,,,,,,,,,,,,,,,,,,,,,,,,,,E161Q,D278N,D547Q,,,,,,,,,"V539L, V594A",,A32V,,,,P69L,N794T,,,,,A62V,,,,,A126T,,,V630M,,,,,"I253L, G377E",,,,,,,,DELETED,,,,,S761C,,D462V,,,,,,,G218S,,,,,,,,,,,,,,V10M,,,"V218M, R286H",,,K472N,,R1622C,A10P,,,,,,"P593S, A517V",Not present,,,,,,,,,,,,,N2S,,,,L202F,T160S,,,,,
FDC_RYC,Pseudomonas aeruginosa,022-5835,HUSE,SE22,3,"January 19, 2015",2015,1,19,1134,1134,NO,regular,8,I,4,I,4,I,4,R,1,S,2,S,2,S,>8,R,0.5,S,0.25,S,,,,,,,,,,nt553Δ1,LESB58,,,,,,,,,,,,,,,,,,,,,,,,,,,,,,,,,,,,,,,,,,,,,,,,,,,,,,,,,,,,,,,L183M,,,G135D,"E65K, R69H",G587E,,,,,,,,,,,,,,,,R875S,T863S,,"A56D, S225L",,,,,,N6H,,,,,,,,DELETED,,,,,,,E396K,,,A677V,,,,V715M,,,,,V301L,,,,,,"A30G, G297S",,,,,,,,,,,,,,,,,,,Not present,,,,,,,,,,,,,R272W,,,,,,,,,,
FDC_RYC,Pseudomonas aeruginosa,023-2344,HUSE,SE23,1,"July 6, 2012",2012,7,6,701,701,NO,mucoid,64,R,>32,R,>16,R,>4,R,2,S,>8,R,>8,R,>8,R,8,R,1,S,,,,,,,,,,W277X,MTB-1 ,,,,,,,,,,,,,,,,,,nt111insG,,,,,,,,,,,,,,,,,,,,,,,,,,,,,,,,,,,,,,,,,,,,,,,,,,,,,"K157E, T156N",,,,,,,,,nt3InsC,,,nt708Δ1,,,,DELETED,,,,,,,,,,,,,DELETED,DELETED,,,,,,,,,,,,,,,,,,,,,,,,,,,,,,,,,,,,,,,,,,,,,Not present,,,,,,,,,,,,,,,,,,,,,,
FDC_RYC,Pseudomonas aeruginosa,023-6966,HUSE,SE23,2,"January 29, 2013",2013,1,29,NEW (701-trpE),701-trpE,NO,mucoid,>64,R,>32,R,>16,R,4,R,1,S,4,S,8,S,>8,R,8,R,0.25,S,,,,,,,,,,nt1021Δ1,MTB-1 ,,,,A38P,,,,,,V415A,,,"D87G
",,,,,nt111insG,,,,,,,,,,,,,,,,,,,,,,,,,,,,,,,,,,,,,,,,,,,,,,,,,,,,,,,,,,,,,,,,,,,,,DELETED,,,,,,,,L508V,,,,,DELETED,DELETED,,,,,,,,,,,,,,,,,,,,,,,,,,,,,,,,V348A,,,,,,,,,,,,S2P,Not present,,,,,,,,,,,,,,,,,,,,,,
FDC_RYC,Pseudomonas aeruginosa,023-9557,HUSE,SE23,3,"June 4, 2013",2013,6,4,701,701,NO,regular,>64,R,>32,R,>16,R,2,R,0.5,S,>8,R,>8,R,>8,R,>8,R,16,R,,,,,,,,,,W277X,MTB-1 ,,,,A38P,,,,,,,,,,,,,,nt111insG,,,,,,,,,,,G71S,,,,,,,,,,,,,,,,,,,,,,,,,,,,,,,,,,,,,,,,,,"K157E, T156N",,Q758*,,,,,,,nt3InsC,,,nt708Δ1,,,,DELETED,,,,,,,S33T,,,nt1002Δ1,,,DELETED,DELETED,,,,,,,,,,,,,,,,,,,,,,,,,,,,,,,nt1030Δ1,,,,,,,,,,,,,,Not present,,,,,,,,,,,,,,,,,,,,,,
FDC_RYC,Pseudomonas aeruginosa,024-0501,HUSE,SE24,1,"October 1, 2014",2014,10,1,274,274,NO,regular,2,I,4,I,8,I,1,R,1,S,2,S,2,S,4,S,4,R,≤0.125,S,,,,,,L338P,,,,nt1199InsG,LESB58,,,,,A144V,,,,,,nt414InsGC,,,,,,,nt1170Δ5,,,,,,,,,,,,,,,,,,,,,,,,,,,,,,,,,,,,,,,,,,,,,,,,,,,,,,T203A,,,,,,,,,,,,,,,,,,,"D298E, D304E",,,,,,,,,,DELETED,,,,,,,,,,,,,A98T,,,,,,,,,,L117V,,,,,,,,,,,,,,,,,,,,,Not present,S612T,,,,,,,,,,,,,,,,D296A,,R444H,,,,
FDC_RYC,Pseudomonas aeruginosa,024-1092,HUSE,SE24,2,"April 24, 2015",2015,4,24,274,274,NO,regular,>64,R,>32,R,8,I,>4,R,0.5,S,>8,R,4,S,8,S,2,S,2,S,,,,,,L338P,,,,nt848InsA,LESB58,,,,,A144V,,,,,A269T,,"nt1163Δ2
",T83I,,,,,nt629InsGT,,V239A,,,,,,,,,,,,,,,,,,,,,,,,,,,,,,,,,,,,,,,A600V,,A3T,,,,,,,G468D,,,,T203A,,,,,,,nt147Δ1,nt806InsG,,P280L,nt2270Δ1,,,,,nt790Δ1,,,"D298E, D304E",,nt1468InsCGC,,,,R167C,V245A,,,DELETED,,,,,,,,,,,,,A98T,"H5P, R439Q, G668S",,,,,,,,,L117V,,,,,,,,nt82InsG,W509*,,P561S,,,,,,,,,,Not present,S612T,,,,,,,"M289R, S544N
",,,,,,,,,"G856S, D296A",,R444H,,,,
FDC_RYC,Pseudomonas aeruginosa,024-7416,HUSE,SE24,3,"October 2, 2015",2015,10,2,274,274,YES,mucoid,64,R,>32,R,8,I,>4,R,1,S,4,S,1,S,2,S,4,R,4,R,,,,,,"A151V, L338P",I127V,,,nt848InsA,LESB58 ,,,,,A144V,,,,,,,"nt1163Δ2
",T83I,,,,N587S,nt629InsGT,,"D234G, V239A",,,,,G298E,,,,A305T,,"S457G, G153S",,,,,,,,D692N,,,,,,,,,,,,,,A35V,,,,,,A600V,,A3T,,,,,,,"G468D, G551D, S344P",,L157P,,"G354D, T203A",,,D696G,,,,nt147Δ1,nt3InsC,,,Q246R,G483S,,,,"W455R, nt790Δ1
",,,"D298E, D304E",,,V203I,,,R167C,"G165S, V245A",,,DELETED,,,,,,,nt238InsG,,,,,nt46InsC,A98T,"H5P, R439Q, G668S",,,,,,,,,L117V,,,L464P,,,,,W204*,"A23T, W509*
",,"S698F, P561S, T434A",,A47T,E232K,,,,"P759S, D620G",,,Not present,S612T,,,,,,,"P277L, D279N, M289R, R413H
",,,,,,Y231C,R389H,,"G856S, D296A",,"I12V, G329D, R444H",,,,P162L
FDC_RYC,Pseudomonas aeruginosa,025-6546,HUSE,SE25,1,"August 27, 2012",2012,8,27,1072,1072,NO,mucoid,32,R,32,R,0.25,S,0.5,I,0.5,S,2,S,1,S,0.25,S,0.5,S,0.25,S,,,,,,nt573Δ1,,,,,MTB-1,,,,,,,,,,,,,,,,,,,,,,,,,,,,,,,,,,,,,,,,,,,,,,,,,,R694H,,,,,,,,H262Y,,,,,,,,,Q423*,N698S,,H116Q,,A544T,,G531D,,,,,,,,nt1162Δ3,S22N,L384Q,,,DELETED,L31M,,A158T,,,,,,,,V14I,,DELETED,DELETED,,,,, A102V,,,,,,,"V506A, D474G, A368V, E341G, V77M",,C198Y,,,,,,,,,,"V57I, I73V",A113V,,,,,,nt1030Δ1,,,,,"R1809Q, A1754P, A1497S, D652G",,R238H,,D130V,,,,Not present,,,,,,,,E654V,,D770G,,,,,,,,,"S395R, V184I",,,,
FDC_RYC,Pseudomonas aeruginosa,025-9260,HUSE,SE25,2,"February 5, 2013",2013,2,5,235,235,NO,mucoid,8,I,2,I,4,I,0.12,I,1,S,0.5,S,2,S,2,S,1,S,≤0.125,S,,,,,,,,,,,LESB58,,,,,,,,,,,,,,,,,,,,,,,,,,,,,,,,,,,,,,,,,,,,,,,,,"D221G, V480A",R310L,V167T,,V97I,,,,,,,"R389Q, A99V","L244M, S2N",,,,,,,"S20N, T235I",,,,A557V,,,,,,"V671L, F227L",A80V,"L24M,G525S",,,,"A703T, Q509E","K273T, L586I, A873V",,DELETED,,,,,,,E429D,,,A413E,G119Q,,,DELETED,,L1304F,,,,,,,"G276S, R672Q",,,,,A216S,,,,,A657T,,S57N,,,"G192E, M251I, T294A",,S50T,,,,,nt1030Δ1,,,,,"P1740L, V579I",R311L,A136V,,,,,A609V,Not present,,,G15D,,,,,,,"D22N, R62H, Q685L",A100V,,,,,,,A331T,A470G,,A16V,,
FDC_RYC,Pseudomonas aeruginosa,025-7986,HUSE,SE25,3,"July 9, 2013",2013,7,9,1613,1613,YES,regular,>64,R,>32,R,1,S,2,R,0.25,S,4,S,4,S,0.5,S,4,R,1,S,,,,,,,,,,,UCBPP-PA14,,,,,nt82Δ12,,,,,,,,D87G,,,,,,,,,,,,,,,,,,,,,,,,,,,,,,,nt1115InsGC,,,,,,,,,,,,,,,Y276N,"D307N, R177H",,,A605T,,T325I,,,P457L,,,,,"G98D, S681G",,,,,,"A742V, T170A","nt808Δ1, Q522R",,,,,T138A,,,,,,,,V400A,Y435C,L76M,,,,,L29P,"G138S, W491R, F755L",,"L4132I, D2903N, D1545N, D349N, T180A",G34S,,,,A490T,E28K,,,,,,,,A42T,,,A490V,,S36F,,,,,,N90S,,,,,,,,,R11C,,E16H,,A66V,I340V,,,,Not present,,,,"S173I, R278W",,,,,A620T,,,,,,,V308I,G338S,,,,N167H,
FDC_RYC,Pseudomonas aeruginosa,S3,HRYC,RC01,1,"June 1, 2019",2019,6,1,809,809,YES,regular,32,R,16,R,8,I,0.5,I,0.25,S,8,R,4,S,4,S,4,R,4,R,,,,,,E249X,,,,,LESB58,L227P,,"T927I, D124N",A160T,,,,,,,,,D87N,,,,nt4879Ins1,,,G242S,"M594I, A21V",,,,,,,,G188S,,,,,,,,,,"T493P, E580K",,,,,,,,,,"N134H, F334L",,,,,,,,,,,V265E,,,,,,,"L233W, W375R",,,,,D425N,P728S,E565K,,,,,Q582L,,,,,,S112G,,,T38S,,,,,,,,,Y53C,,,,DELETED,,,A75G,I546V,I869F,,,,V448M,,,S659R,,,,,,,,,,,,,A683T,,,,,,,,,,,,,D194N,,L116F,,,G832C,Not present,,,,,,,,,,,P244L,,D339E,,,,N663T,,R171W,,,,
FDC_RYC,Pseudomonas aeruginosa,S2,HRYC,RC01,2,"December 1, 2019",2019,12,1,809,809,YES,mucoid,16,I,16,R,4,I,0.5,I,0.25,S,4,S,1,S,1,S,8,R,2,S,,,,,,E249X,,,,,LESB58,L227P,,"T927I, D124N",A160T,,,,,,,,,D87N,,,,nt4879Ins1,,,G242S,"M594I, A21V",,,,,,,,G188S,,,,,,,,,,"T493P, E580K",,,,,,,,,,"N134H, F334L",,,,,,,,,,,V265E,,,,,,,"L233W, W375R",,,,,D425N,P728S,E565K,,,,,Q582L,,,,,,S112G,,,T38S,,,,,,,,,Y53C,,,,DELETED,,,A75G,I546V,I869F,,,,V448M,,,S659R,,,,,,,,,,,,,A683T,,,,,,,,,,,,,D194N,,L116F,,,G832C,Not present,,,,,,,,,,,P244L,,D339E,,,,N663T,,R171W,,,,
FDC_RYC,Pseudomonas aeruginosa,S1,HRYC,RC01,3,"March 1, 2020",2020,3,1,809,809,YES,mucoid,2,I,16,R,4,I,0.5,I,0.25,S,2,S,2,S,2,S,4,R,2,S,,,,,,E249X,,,,,LESB58,L227P,,"T927I, D124N",A160T,,,,,,,,,D87N,,,,nt4879Ins1,,,G242S,"M594I, A21V",,,,,,,,G188S,,,,,,,,,,"T493P, E580K",,,,,,,,,,"N134H, F334L",,,,,,,,,,,V265E,,,,,,,"L233W, W375R",,,,,D425N,P728S,E565K,,,,,Q582L,,,,,,S112G,,,T38S,,,,,,,,,Y53C,,,,DELETED,,,A75G,I546V,I869F,,,,V448M,,,S659R,,,,,,,,,,,,,A683T,,,,,,,,,,,,,D194N,,L116F,,,G832C,Not present,,,,,,,,,,,P244L,,D339E,,,,N663T,,R171W,,,,
FDC_RYC,Pseudomonas aeruginosa,S6,HRYC,RC02,1,"June 1, 2018",2018,6,1,316,316,YES,regular,32,R,16,R,0.25,S,0.5,I,2,S,1,S,2,S,1,S,1,S,1,S,,,,,,,,,,,MTB-1,,,,,,,,,,,,,,,,,,nt111InsG,,,,,,,,,,,,,,,,,,,,,,,,,,Q438X,,,,,R10L,"P41S, L741V",A41T,,,,,,A87T,,,T60A,,,,,,,,"K590T, D608G",,A105T,A163V,,,,I372V,,,G452A,,,,,,E213A,,,DELETED,,,,"A58S, G81S",,,,A107V,,,A93T,D91E,,,,A215V,,,"F306Y, E27G",P76S,"V318A, D541N, V565I",,"R192H, R464L",A565T,,A43V,,,,,,,,,,,,,,,D361E,L219I,,,G10D,,nt197Δ1,,,"Q1137L, A969T, I376L, A192D",,,,,I50V,,,,Not present,M60I,,,,,,D406N,,V183I,,,, G157S,,Q5H,,,,,,,
FDC_RYC,Pseudomonas aeruginosa,S5,HRYC,RC02,2,"February 1, 2019",2019,2,1,316,316,NO,regular,4,I,1,I,0.12,S,0.25,I,2,S,0.5,S,1,S,≤0.06,S,0.5,S,0.5,S,,,,,,,,,,,MTB-1,,,,,,,,,,,nt907Δ21,,,,,,,,,,,,,,,,,,,,,,,,,,,,,,,,,,,,,,R10L,"P41S, L741V",A41T,,,,,,A87T,,,T60A,,,,,,,,"K590T, D608G",,A105T,A163V,,,,I372V,,,G452A,,,,,,E213A,,,DELETED,,,,"A58S, G81S",,,,A107V,,,A93T,D91E,,,,A215V,,,"F306Y, E27G",P76S,"V318A, D541N, V565I",,"R192H, R464L",A565T,,A43V,,,,,,,,,,,,,,,D361E,L219I,,,G10D,,,,,"Q1137L, A969T, I376L, A192D",,,,,I50V,,,,Not present,M60I,,,,,,D406N,,V183I,,,, G157S,,Q5H,,,,,,,
FDC_RYC,Pseudomonas aeruginosa,S4,HRYC,RC02,3,"December 1, 2019",2019,12,1,316,316,YES,regular,>64,R,32,R,0.25,S,1,R,4,R,8,R,4,S,2,S,1,S,0.25,S,,,,,,,,,,,MTB-1,,,,,,,,,,,,,,,,,,nt111InsG,,,,,,,,,,,,,,,,,,,,,,,,,,Q438X,,,,,R10L,"P41S, L741V",A41T,,,,,,A87T,,,T60A,,,,,,,,"K590T, D608G",,A105T,A163V,,,,I372V,,,G452A,,,,,,E213A,,,DELETED,,,,"A58S, G81S",,,,A107V,,,A93T,D91E,,,,A215V,,,"F306Y, E27G",P76S,"V318A, D541N, V565I",,"R192H, R464L",A565T,,A43V,,,,,,,,,,,,,,,D361E,L219I,,,G10D,,nt197Δ1,,,"Q1137L, A969T, I376L, A192D",,,,,I50V,,,,Not present,M60I,,,,,,D406N,,V183I,,,, G157S,,Q5H,,,,,,,
FDC_RYC,Pseudomonas aeruginosa,S9,HRYC,RC03,1,"February 1, 2018",2018,2,1,198,198,NO,regular,2,I,0.25,I,2,S,1,R,1,S,0.5,S,1,S,2,S,0.25,S,0.25,S,,,,S466Y,G101W,I63V,,,,nt384Δ11,PAO1,,,A772T,,nt532Δ1,,,,,G1056D,"F86S, D102N, A162V",,,,,,,,,P243L,,A244T,,,,,,,,P683S,,,G59D,,,,,,,,,,,,,,,,,,,,,,,,,,,,,,,,,,,,,,,,,,,,,,,,,,,,,,,,,,,,,,,,,,,,,,,,,,,,,,,,,,,,,,,,,,,,,,,,,,,,,,,,,,,,,,,,Not present,,,,,,,,,,,,,,,,,,,,,,,
FDC_RYC,Pseudomonas aeruginosa,S8,HRYC,RC03,2,"November 1, 2018",2018,11,1,242,242,NO,regular,≤0.5,S/I,8,I,0.12,S,≤0.03,I,1,S,4,S,4,S,0.12,S,0.06,S,4,R,,,,,,,,,,,LESB58,"G303R, L164Q",,G287S,,,,R48C,A129T,,,,,D87G,,,,,,,,"I292T, E100G",,,,N775S,,,,,,"G482S, D216G",,,,,,,,,,,,,,,,,,nt1566Δ2,,"P28Q, Q224H",,,,,,,,S104L,,,,,,,,,G23D,,,,,,,,,,,,,,I121T,,I143T,,,,,,,,,,,,,,,,,DELETED,,,,,,,"W230*, P491S",,"A306V, A36V",,,,,,,,,,D438G,,,,,,,,,,L88Q,,,,,,,,,,,,,,L200V,S293L,Not present,,,Y224C,,,W81S,,,D621G,,,,,A652T,,H317P,,,,,,
FDC_RYC,Pseudomonas aeruginosa,S7,HRYC,RC03,3,"August 1, 2019",2019,8,1,316,316,YES,regular,32,R,4,I,8,I,1,R,0.5,S,2,S,4,S,4,S,2,S,4,R,,,,,,,,,,,MTB-1,,,,,nt542Δ16,,,,,,,,,,,,nt4763Δ3,nt111InsG,,,,,,,,,,,,,V156A,,,,,,,,,,,,,Q438X,,,,,R10L,"P41S, L741V",A41T,,,,,,A87T,,,T60A,,,,,,,,"K590T, D608G",,A105T,A163V,,,,I372V,,,G452A,,,,,,E213A,,,DELETED,,,,"A58S, G81S",,,,A107V,,,A93T,D91E,,,,A215V,,,"F306Y, E27G",P76S,"V318A, D541N, V565I",,"R192H, R464L",A565T,,A43V,,,,,,,,,,,,,,,D361E,L219I,,,G10D,,nt197Δ1,,,"Q1137L, A969T, I376L, A192D",,,,,,,,,Not present,M60I,,,,,,D406N,,V183I,,,, G157S,,Q5H,,,,,,,nt486Δ12
FDC_RYC,Pseudomonas aeruginosa,S12,HRYC,RC04,1,"February 1, 2016",2016,2,1,1600,1600,NO,mucoid,1,I,0.5,I,0.25,S,2,R,0.5,S,≤0.25,S,0.5,S,0.25,S,≤0.03,S,≤0.125,S,,,,,,,,,,,F23197,,,,,A47T,,nt331Δ1,,,,,,,,,,,,,,,,S5F,,I427V,,nt336Δ2,,,,,,,,,,,,,,,,,,,,,,,,A170T,,,,,,,nt488Δ1,,,,,S318G,,,,,,,,,,"I407V, K473R",,,,,,"nt2399Δ6, R676Q","A444S, V498",T2I,,T762S,,V12A,,,,,,,,,,,,,,,,DELETED,"S2320L, A402V",A5025V,,,,,"L274I, G605S",,,,,,,,,,,,,,,,,,,,,,,,,"V299A, D437N",A255V,,,,,,,,M289I,,,Not present,,,,,,,,,,Y61S,,,R282Q,,,,"D189E, F304V",,,,,,"nt423Δ18, Q40H"
FDC_RYC,Pseudomonas aeruginosa,S11,HRYC,RC04,2,"May 1, 2018",2018,5,1,242,242,NO,regular,1,I,2,I,1,S,1,R,0.25,S,2,S,1,S,0.5,S,0.5,S,≤0.125,S,,,,,,"V190A, N267S",,"A166V, A245V",,,LESB58,"G303R, L164Q",,G287S,,L111F,,R48C,A129T,G250D,L516P,,,D87G,,,,,,,,"E372K, I292T, E100G",,,,N775S,,,,,,"G482S, D216G",,,,,,,,,,,,,,,,,,nt1566Δ2,,"P28Q, V110A, Q224H",,,,,,,,S104L,,,,,,,,,"nt1269Δ1, G23D, D311G",,"nt1011Δ2, G225S",,,,,,,,,,,,I121T,,"I143T, V138L","L178P, A596T",D7G,,E410K,,,,,,,,,F172L,,,,DELETED,,D432N,"Q44R, L125P","A131E, S91R","T545A, V312A",,"W230*, P491S",,,,,"nt1548InsG, T741S",,F7S,,,,,D438G,,,,,Q204R,,,,,L88Q,,,G178S,,"N699S, V7M","H141Y, C54S",,,,,,,,"A491V, L200V",S293L,Not present,,,Y224C,,,W81S,,,D621G,,,R180W,,A652T,,H317P,"V125G, L45I",,,,,Y69C
FDC_RYC,Pseudomonas aeruginosa,S10,HRYC,RC04,3,"May 1, 2019",2019,5,1,242,242,NO,regular,≤0.5,S/I,1,I,0.5,S,2,R,<0.12,S,1,S,0.25,S,0.5,S,0.5,S,≤0.125,S,,,,,,"V190A, N267S",,"A166V, A245V",,,LESB58,"G303R, L164Q",,G287S,,"R45C, L111F",,R48C,A129T,G250D,"L516P, D1054N",,,D87G,,,,,,,,"E372K, I292T, E100G",,,,N775S,,,,,,"G482S, D216G",,,,,,,,,,,,,,,,,,nt1566Δ2,,"P28Q, V110A, Q224H",,,,,,,,S104L,,,,,,,,,"nt1269Δ1, G23D, D311G",,nt1011Δ2,,,E90G,,,,,,,,,I121T,,"I143T, V138L","nt958InsGGAGGCCACCCCCC, L178P, A596T",D7G,"P44S, D718N",E410K,,,,,,,,,F172L,,,,DELETED,,"nt2922InsATT, D432N","Q44R, L125P","A131E, S91R","T545A, V312A",,"W230*, P491S",,,,,"nt1548InsG, T741S",,F7S,,,,,D438G,,,,,Q204R,,,,,,,,G178S,,"N699S, V7M","H141Y, C54S",,,,,,,,"A491V, L200V",S293L,Not present,,,Y224C,,,W81S,,,D621G,,,R180W,,A652T,,H317P,"V125G, L45I",,,,,Y69C
FDC_RYC,Pseudomonas aeruginosa,S15,HRYC,RC05,1,"January 1, 2017",2017,1,1,1046,1046,NO,regular,8,I,2,I,2,S,1,R,1,S,0.5,S,4,S,1,S,0.12,S,≤0.125,S,,,,,,,,,,,F23197,,,,"V76I, I50V",nt228Δ13,,,,D323G,,A365V,,,,,,,,,,,,,,I893T,,,,,,,,,,,,,,,,,,,,,,,,P479A,A91T,,,,,,,,,,,,,,,S446G,,,,,,,,,,,,,,"L363Q, R4H",L378V,,,,G473S,,,T454I,"R664H, A597T, E561D",,,,,,,,,,,,,DELETED,,,K144E,"E49D, L43F",,,T479I,,,,,"P509S, V367F",,,,,,,,,,,,,,,,,,,,,,,,,,,,,,,,Not present,,,,,,,T505S,,,,,,,,Q226E,,,,,,,,
FDC_RYC,Pseudomonas aeruginosa,S14,HRYC,RC05,2,"April 1, 2018",2018,4,1,1046,1046,NO,regular,≤0.5,S/I,1,I,2,S,0.25,I,1,S,1,S,1,S,2,S,0.12,S,≤0.125,S,,,,,,nt17Δ1,,,,,F23197,,,,"V76I, I50V",nt594Δ11,,,,D323G,,A365V,,,,,,,,,,,,,,I893T,,,,,,,,,,,,,,,,,,,,,,,,P479A,A91T,,,,,,,,,,,,,,,S446G,,,,,,,,,,,,,,"L363Q, R4H",L378V,,,,G473S,,,T454I,"R664H, A597T, E561D",,,,,,,,,,,,DELETED,DELETED,,,K144E,"E49D, L43F",,,T479I,,,,,"P509S, V367F",,,,,,,,,,,,,,,,,,,,,,,,,,,,,,,,Not present,,,,,,,T505S,,,,,,,,Q226E,,,,,,,,I67T
FDC_RYC,Pseudomonas aeruginosa,S13,HRYC,RC05,3,"February 1, 2019",2019,2,1,1046,1046,NO,mucoid,32,R,32,R,2,S,0.25,I,1,S,4,S,4,S,1,S,0.25,S,≤0.125,S,,,,,,,,,,,F23197,,,,"V76I, I50V",nt228Δ13,,,,D323G,,A365V,,,,,,,,,,,,,,I893T,,,,,,,,,,,,,,,,,,,,,,,,P479A,A91T,,,,,,,,,,,,,,,S446G,,,,,,,,,,,,,,"L363Q, R4H",L378V,,,,G473S,,,T454I,"R664H, A597T, E561D",,,,,,,,,,,,DELETED,DELETED,,,K144E,"E49D, L43F",,,T479I,,,,,"P509S, V367F",,,,,,,,,,,,,,,,,,,,,,,,,,,,,,,,Not present,,,,,,,T505S,,,,,,,,Q226E,,,,,,,,
FDC_RYC,Pseudomonas aeruginosa,S18,HRYC,RC06,1,"March 1, 2019",2019,3,1,496,496,NO,mucoid,8,I,2,I,0.25,S,1,R,1,S,1,S,2,S,0.5,S,0.5,S,≤0.125,S,,,,,,,,,,,LESB58,Q349K,"E156K, G223D",,A38T,nt395InsAAGC,,,,,,,,Y267N,,,,,,,,"G60S, A379T",,,,R510H,,,,,,,,,,,,,,,,,,,,,,,,,,,,,,,,,,,,,,,,G511S,,,,,,S155F,V107I,P4L,,,,,P660T,,,,,,,A30S,,,Q437K,Q395*,,,,,,,,D411N,,,,,L2293P,"nt8470Δ4, T4294I, E4189K, Q4172L, D2952N",,,"V550A,  G50D",,,,,,,,,,,,,,,,,,T102I,,A342V,,,E234D,,,,,,,,"R1553H, C1064R, E319D",,,,,,,A768D,A409T,Not present,,,,,,,,,,,,,,V5M,,,,,,,,
FDC_RYC,Pseudomonas aeruginosa,S17,HRYC,RC06,2,"January 1, 2020",2020,1,1,496,496,YES,regular,8,I,2,I,2,S,2,R,0.25,S,0.5,S,2,S,2,S,0.25,S,0.5,S,,,,,nt69InsG,R300C,,,,,LESB58,Q349K,"E156K, W222X, G223D",,A38T,,,,,,,R127Q,,"D87G, Y267N",,,,,,,,G60S,,,,R510H,,,,,,,,,,,,,,,,,,,S116L,,,,,,,,,,,,,,,,,,,,,G511S,,,"P730S, nt1269Δ1",,,S155F,V107I,P4L,,nt850Δ1,,,P660T,,,,,,,A30S,,,Q437K,Q395*,,,,,,,,D411N,,,,,"nt40InsG, L2293P","T4294I, E4189K, Q4172L, D2952N",,,"V550A,  G50D",,,,,,,,,,,,,,,,,,T102I,,A342V,,nt1413Δ1,E234D,,,,,,,,"R1553H, C1064R, E319D",,,,,,,A768D,A409T,Not present,,,,,,,,,,,,,,V5M,,,,,,,,
FDC_RYC,Pseudomonas aeruginosa,S16,HRYC,RC06,3,"September 1, 2020",2020,9,1,496,496,NO,regular,16,I,16,R,8,I,4,R,1,S,0.5,S,4,S,4,S,0.5,S,0.5,S,,,,,,,,,,,LESB58,Q349K,"E156K, G223D",,A38T,nt395InsAAGC,,,,,,,,Y267N,,,,,,,,"G60S, A379T",,,,R510H,,,,,,,,,,,,,,,,,,,,,,,,,,,,,,,,,,,,,,,,G511S,,,,,,S155F,V107I,P4L,,,,,P660T,,,,,,,A30S,,,Q437K,,,,,,,,,D411N,,,,,L2293P,"T4294I, E4189K, Q4172L, D2952N",,,"V550A,  G50D",,,,,,,,,,,,,,,,,,T102I,,A342V,,,E234D,,,,,,,,"nt2493InsACGG, R1553H, C1064R, E319D",,,,,G441E,,A768D,A409T,Not present,,,,,,,,,,Y210C,,,,V5M,,,,,,,,
FDC_RYC,Pseudomonas aeruginosa,S21,HRYC,RC07,1,"February 1, 2016",2016,2,1,155,155,NO,regular,16,I,8,I,4,I,1,R,1,S,2,S,8,S,2,S,1,S,1,S,,,,,L57Q,,,,,,LESB58,,,,,E21G,,,,,,,,,,,,,,,,,,,,,,,,,,,,,,,,,,,,,,,,,,,,,,,,,,,,,,"H370R, S397R",,K293N,,,,,,,,,,,,,D428G,Y662H,,,,,,,,,,,,"G392S, R460C",,,,,,,,,,,,,,DELETED,,,,,,,,,,D571V,,,,,,,,,G449S,,,,,,,,,,,,,,,,"H148Y, P26R","P1560S, G481E, D362G",,,,,,,,,Not present,,Q43L,,,,,"G170S, T224I",,,,A122V,,A245S,,,,V107I,,,,,
FDC_RYC,Pseudomonas aeruginosa,S20,HRYC,RC07,2,"February 1, 2017",2017,2,1,155,155,NO,regular,1,I,2,I,≤0.06,S,0.25,I,1,S,0.5,S,2,S,≤0.06,S,0.25,S,0.25,S,,,,,L57Q,nt331Δ12,,,,,LESB58,,,,,E21G,,,,,,,,,,,,,,,,,,,,,,,,,,,,,,,,,,,,,,,,,,,,,,,,,,,,,,"H370R, S397R",,K293N,,,,,,,,,,,,,D428G,Y662H,,,,,,,,,,,,"G392S, R460C",,,,,,,,,,,,,,DELETED,,,,,,,,,,D571V,,,,,,,,,G449S,,,,,,,,,,,,,,,,"H148Y, P26R","P1560S, G481E, D362G",,,,,,,,,Not present,,Q43L,,,,,"G170S, T224I",,,,A122V,,A245S,,,,V107I,,,,,
FDC_RYC,Pseudomonas aeruginosa,S19,HRYC,RC07,3,"January 1, 2018",2018,1,1,155,155,NO,mucoid,8,I,2,I,0.12,S,0.25,I,1,S,1,S,2,S,0.12,S,0.25,S,0.5,S,,,,,L57Q,,,,,,LESB58,,,,,E21G,,,,,,,,,,,,,,,,,,,,,,,,,,,,,,,,,,,,,,,,,,,,,,,,,,,,,,"H370R, S397R",,K293N,,,,,,,,,,,,,D428G,Y662H,,,,,,,,,,,,"G392S, R460C",,,,,,,,,,,,,,DELETED,,,,,,,,,,D571V,,,,,,,,,G449S,,,,,,,,,,,,,,,,"H148Y, P26R","P1560S, G481E, D362G",,,,,,,,,Not present,,Q43L,,,,,"G170S, T224I",,,,A122V,,A245S,,,,V107I,,,,,
FDC_RYC,Pseudomonas aeruginosa,S24,HRYC,RC08,1,"June 1, 2019",2019,6,1,500,500,NO,regular,16,I,16,R,1,S,0.12,I,1,S,1,S,4,S,0.5,S,0.5,S,0.25,S,,,,,,,Q112K,,,,LESB58,,,,,,,,,,,,,,,,,,,,D234G,,,nt525Δ4,,T381A,,,,,,,,,,,,,,,,,,,,,,,,,"S518N, F699L, A708V",P102Q,,,,,,,,Q610R,,,,L49F,,D417G,,,,,,,,,,H147Y,,,T342A,,,,,,,,,,A132V,,,,,,,,,,,,,DELETED,,,,,,,"S188N, S426T",,,,,,,,,,,,A411T,,,,,,,,,,Q176R,,,W509*,,,,R1375C,,,,,,,,"V249I, A29V",Not present,,,,,,"P89Q, V171I",,,"R507H, Q570L",,,,,,,,,,,,,
FDC_RYC,Pseudomonas aeruginosa,S23,HRYC,RC08,2,"December 1, 2019",2019,12,1,NEW (500-trpE),500-trpE,YES,mucoid,16,I,32,R,16,R,2,R,1,S,≤0.25,S,4,S,8,S,2,S,1,S,,,,S466F,,,Q112K,,,D208N,LESB58,,,,,,,,,,,,,,,,,,,,,,P527S,,,T381A,,,,,,,,,,,,,,nt1553Δ1,,,,,,,,,,,"S518N, F699L, A708V",P102Q,,,,,,,,Q610R,,,,L49F,,D417G,,,,,,,,,,,,,T342A,,nt3InsC,,,,,,,,A132V,,,,,,,,,,,,,DELETED,,,,,,,"S188N, S426T",,,,,,,,,,,,A411T,,,,,,,,,,Q176R,,,W509*,,nt4545InsG,,R1375C,,,,,,,,"V249I, A29V",Not present,,,,,,"P89Q, V171I",,,"R507H, Q570L",,,,,,,,,,,,,
FDC_RYC,Pseudomonas aeruginosa,S22,HRYC,RC08,3,"March 1, 2020",2020,3,1,NEW (500-mutL),500-mutL,YES,regular,32,R,32,R,8,I,1,R,0.5,S,4,S,4,S,4,S,1,S,1,S,,,,S466F,,,Q112K,,,,LESB58,,,,,,,,,,,,,,,,,,,,,,P527S,T139A,,T381A,,,,,,,,,,,,,,nt1553Δ1,,,,,,,,,,,"S518N, F699L, A708V",P102Q,,,,,,,,Q610R,,,,L49F,,D417G,,,,,,,,,,,,,T342A,nt2137InsC,nt3InsC,,,,,,,,A132V,,,,,,,,,,,,,DELETED,,,,,,,"S188N, S426T",,,,,nt46Δ1,,C116R,,,,,A411T,,,,,,,,,,Q176R,,,W509*,,,,R1375C,,,,,,,,"V249I, A29V",Not present,,,,,,"P89Q, V171I",,,"R507H, Q570L",,,,,,,,,,,,,
FDC_RYC,Pseudomonas aeruginosa,S27,HRYC,RC09,1,"June 1, 2017",2017,6,1,575,575,NO,regular,≤0.5,S/I,1,I,≤0.06,S,0.12,I,0.25,S,0.5,S,0.25,S,≤0.06,S,0.12,S,1,S,,,,,,nt901Δ7,,,,,LESB58,,,,,nt174Δ89,,,,,,,,V48M,,,,,,,,T64A,,,,,,,,V431I,,,,,,,,,,,,,,,,,,,,,,,,,,,,,,,,,,,,,,,,,"D309A, R26H",,,,,,,,,,V159L,,,,,A40V,,,,,,,,,,,,,,,,DELETED,,,,,,,,,L439M,D452E,,,,,,,,,,,,,,,,,,A7V,,nt2049Δ1,,,,,,,,,,,,,,,Not present,,,,,,,,,,,,,,,,,,A422V,,,,
FDC_RYC,Pseudomonas aeruginosa,S26,HRYC,RC09,2,"January 1, 2020",2020,1,1,155,155,NO,regular,1,I,1,I,≤0.06,S,0.12,I,<0.12,S,1,S,0.5,S,≤0.06,S,0.25,S,≤0.125,S,,,,,L57Q,,,,,,LESB58,,,,,E21G,,,,,,,,,,,,,,,,,,,,,,,,,,,,,,,,,,,,,,,,,,,,,,,,,,,,,,"H370R, S397R",,K293N,,,,,,,,,,,,,D428G,Y662H,,,,nt57Δ3,,,,,,,,,,,,,,,,,,,,,,DELETED,,,,,,,,,,D571V,,,,,,,,,G449S,,,,,,,,,,,,,,,,"H148Y, P26R","P1560S, G481E, D362G",,,,,,,,Not present,,,Q43L,,,,,"G170S, T224I",,,,A122V,,A245S,,,,V107I,,,,,
FDC_RYC,Pseudomonas aeruginosa,S25,HRYC,RC09,3,"November 1, 2020",2020,11,1,575,575,NO,regular,1,I,0.5,I,≤0.06,S,0.12,I,0.25,S,1,S,0.25,S,≤0.06,S,0.25,S,≤0.125,S,,,,,,nt901Δ7,,,,,LESB58,,,,,,,T228P,,,,,,V48M,,,,,,,,T64A,,,,,,,,V431I,,,,,,,,,,,,,,,,,,,,,,,,,,,,,,,,,,,,,,,,,"D309A, R26H",,,,,,,,,,V159L,,,,,A40V,,,,,,,,,,,,,,,,DELETED,,,,,,,,,L439M,D452E,,,,,,,,,,,,,,,,,,A7V,,nt2049Δ1,,,,,,,,,,,,,,,Not present,,,,,,,,,,,,,,,,,,A422V,,,,
FDC_RYC,Pseudomonas aeruginosa,S30,HRYC,RC10,1,"July 1, 2019",2019,7,1,162,162,NO,small colony variant,16,I,32,R,1,S,1,R,2,S,1,S,2,S,1,S,0.5,S,1,S,,,,,,,,,,,F23197,,,,,nt201Δ2,,,,,,,,,,,,,,,,,,G46S,,,,,,,,,,,,,,,,,,,,,,,,,,,,,,,,,,,,,,,,N244S,,G321S,,,G8S,,,A94T,,,,,,,,,,,,,,K817T,,R8H,,,,,,G515S,,,,,,,,DELETED,,,,,,,T273A,,,,,,,,,,,,,,,,,,,,,,,,,,,,,A1346T,,,,,,,,Not present,,,,,,,"G124D, T279A",,,,,,,,,,,,A286G,P274S,,,
FDC_RYC,Pseudomonas aeruginosa,S29,HRYC,RC10,2,"January 1, 2020",2020,1,1,162,162,NO,mucoid,8,I,2,I,0.5,S,0.25,I,1,S,1,S,2,S,0.25,S,0.5,S,0.25,S,,,,,,,,,,,F23197,,,,,nt204Δ13,,,,,,,,,,,,,,,,,,G46S,,,,,,,,,,,,,,,,,,,,,,,,,,,,,,,,,,,,,,,,N244S,,G321S,,,G8S,,,A94T,,,,,,,,,,,,,,K817T,,R8H,,,,,,G515S,,,,,,,,DELETED,,,,,,,T273A,,,,,,,,,,,,,,,,,,,,,,,,,,,,,A1346T,,,,,,,,Not present,,,,,,,"G124D, T279A",,,,,,,,,,,,A286G,P274S,,,
FDC_RYC,Pseudomonas aeruginosa,S28,HRYC,RC10,3,"November 1, 2020",2020,11,1,162,162,NO,mucoid,32,R,16,R,1,S,1,R,1,S,1,S,2,S,1,S,0.5,S,≤0.125,S,,,,,,,,,,,F23197,,,,,nt201Δ2,,,,,,,,,,,,,,,,,,G46S,,,,,,,,,,,,,,,,,,,,,,,,,,,,,,,,,,,,,,,,N244S,,G321S,,,G8S,,,A94T,,,,,,,,,,,,,,K817T,,R8H,,,,,,G515S,,,,,,,,DELETED,,,,,,,T273A,,,,,,,,,,,,,,,,,,,,,,,,,,,,,A1346T,,,,,,,,Not present,,,,,,,"G124D, T279A",,,,,,,,,,,,A286G,P274S,,,
FDC_RYC,Pseudomonas aeruginosa,S33,HRYC,RC11,1,"December 1, 2017",2017,12,1,254,254,NO,mucoid,≤0.5,S/I,1,I,≤0.06,S,0.06,I,2,S,0.5,S,0.5,S,≤0.06,S,0.25,S,≤0.125,S,,,,,,Q34X,,,,,LESB58,,,A772T,,,,,,,,,,V671A,,,,,,,,,,,,,nt206Δ2,nt98Δ10,,A67T,,,G190S,,,,,,,,,,,,,,,,,,,,,,,,,,,,,,,,,,,,,,,,,,"A302V, L341R",,,,,,,,,,H505Y,A854S,,,,,,P4S,,,,,,,,,,,R110H,"R4582L, P3528L",,,,,E396K,,,,,,,,,,,,,,,,,,L94F,,,,,,,"S671G, Q733R",,,,P122L,,,,,,,L726V,,Not present,,,,E308D,,,,,V854I,,,,,,,,,,,,D93V,
FDC_RYC,Pseudomonas aeruginosa,S32,HRYC,RC11,2,"June 1, 2018",2018,6,1,254,254,NO,regular,4,I,1,I,0.12,S,2,R,2,S,0.5,S,1,S,0.12,S,0.12,S,≤0.125,S,,,,,,Q34X,,,,,LESB58,,,A772T,,,,,,,,,,V671A,,,,,,,,,,,,,,"nt548Δ9, G45D",,A67T,,,G190S,,,,,,,,,,,,,,,,,,,,,,,,,,,,,,,,,,,,,,,,,,"A302V, L341R",,,,,,,,,,H505Y,A854S,,,,,,P4S,,,,Y531*,,,,,,,R110H,"R4582L, P3528L",,,,,E396K,,,,,,,,,,,,,,,,,,L94F,,,,,,,"S671G, Q733R",,,,P122L,,,,,,,L726V,,Not present,,,,E308D,,,,,V854I,,,,,,,,,,,,D93V,
FDC_RYC,Pseudomonas aeruginosa,S31,HRYC,RC11,3,"April 1, 2019",2019,4,1,254,254,NO,regular,8,I,2,I,0.5,S,2,R,2,S,1,S,1,S,0.12,S,0.25,S,≤0.125,S,,,,,,Q34X,,,,,LESB58,,,A772T,,,,,,,,,,V671A,,,,,,,,,,,,,A12G,nt98Δ10,,A67T,,,G190S,,,,,,,,,,,,,,,,,,,,,,,,,,,,,,,,,,,,,,,,,,"A302V, L341R",,,,,,,,,,H505Y,A854S,,,,,,P4S,,,,,,,,,,,R110H,"R4582L, P3528L",T114P,,,,E396K,,,,,,,,,,,,,,,,,,L94F,,,,,,,"S671G, Q733R",,,,P122L,,,,,,,L726V,,Not present,,,,E308D,,,,,V854I,,,,,,,,,,,,D93V,
FDC_RYC,Pseudomonas aeruginosa,S36,HRYC,RC12,1,"November 1, 2018",2018,11,1,569,569,NO,regular,2,I,1,I,0.12,S,4,R,1,S,0.5,S,0.25,S,≤0.06,S,0.12,S,≤0.125,S,,,,,,,,,,,LESB58,,,,,,,C245G,,,,,,T325A,,,,,nt111InsG,,,,,,,,,,,,,,,,,,,,,,,,,,,,,,,,T451A,,,,,,,A80T,,,,A160T,,,,,,,,,,,L490I,P575L,T396I,,,,"L655P, N311S",,,,,,,,,,,,,,,,,,,,,,DELETED,DELETED,,,,,,,,,,,,,,,,,,,,,,,,,,,,,,,,,,T191A,,A1169T,,,,,V275F,,A305D,Not present,V630M,H4R,,,"S405N, T691I",,A275T,,,H624Y,,,P202S,,E430K,,G96D,,,,A139V,,nt494Δ18
FDC_RYC,Pseudomonas aeruginosa,S35,HRYC,RC12,2,"June 1, 2019",2019,6,1,569,569,NO,regular,4,I,2,I,0.25,S,2,R,1,S,0.5,S,0.5,S,0.12,S,0.12,S,≤0.125,S,,,,,,,,,,,LESB58,,,,,,,C245G,,,,,,T325A,,,,,nt111InsG,,,,,,,,,,,,,,,,,,,,,,,,,,,,,,,,T451A,,,,,,,A80T,,,,A160T,,,,,,,,,,,L490I,P575L,T396I,,,,"L655P, N311S",,,,,,,,,,,,,,,,,,,,,,DELETED,DELETED,,,,,,,,,,,,,,,,,,,,,,,,,,,,,,,,,,T191A,,A1169T,,,,,V275F,,A305D,Not present,V630M,H4R,,,"S405N, T691I",,A275T,,,H624Y,,,P202S,,E430K,,G96D,,,,A139V,,nt494Δ18
FDC_RYC,Pseudomonas aeruginosa,S34,HRYC,RC12,3,"July 1, 2020",2020,7,1,569,569,YES,mucoid,≤0.5,S/I,1,I,0.5,S,1,R,2,S,0.5,S,0.5,S,0.25,S,0.25,S,0.5,S,,,,Q467R,,,Y35C,,,,LESB58,A149T,,,,,,F253L,,,,,,T325A,,L156F,,nt4879Ins1,nt111InsG,,,T64A,,,,,,,,,,,,,,,,,,,,,,,nt67InsC,,,,,,T451A,,,,,,,A80T,,,,A160T,,,,,,,,,,,L490I,"E217K, P575L",T396I,,,,"L655P, N311S",nt2248InsG,,,,,,,,,,,,,,,,,,,,"I169V, H132Y",DELETED,DELETED,,,A29T,,,,,,,,,,,,,,,,,,,,,,,,,,,,,nt2021Δ11,,T191A,,A1169T,,,,,V275F,,A305D,Not present,V630M,H4R,,,"S405N, T691I",,A275T,D279G,,H624Y,,,P202S,,E430K,,G96D,,,,A139V,,
FDC_RYC,Pseudomonas aeruginosa,S39,HRYC,RC13,1,"September 1, 2019",2019,9,1,262,262,NO,regular,8,I,16,R,0.25,S,0.25,I,1,S,1,S,2,S,0.12,S,0.25,S,≤0.125,S,,,,,,,,,,,LESB58,,,,,R65C,,,P344Q,,,,,,,,,,,,,,,,,,,,,,,,,,,,,,,,,,,,,,,,,S278F,,,,,,,,,,,,,,I75V,,,,,,,,,,,,,K404M,,,,,,,,,,,DELETED,F674L,,,,,,,,,,,,,DELETED,,"L1262Q,  P279S",,,,,,E74K,,,,,,E297Q,,,,,,,,,,,"A27T, V427L",,,,,,,,,R363S,,,,T99A,,,T725A,,,,Not present,,,,,,,,,,,,,,,,,,,,,,
FDC_RYC,Pseudomonas aeruginosa,S38,HRYC,RC13,2,"May 1, 2020",2020,5,1,262,262,NO,mucoid,4,I,32,R,0.25,S,0.25,I,1,S,2,S,2,S,0.12,S,0.25,S,≤0.125,S,,,,,,,,,,,LESB58,,,,,R65C,,,P344Q,,,,,,,,,,,,,,,,,,,,,,,,,,,,,,,,,,,,,,,,,S278F,,,,,,,,,,,,,,I75V,,,,,,,,,,,,,K404M,,,,,,,,,,,DELETED,F674L,,,,,,,,,,,,,DELETED,,"L1262Q,  P279S",,,,,,E74K,,,,,,E297Q,,,,,,,,,,,"A27T, V427L",,,,,,,,,R363S,,,,T99A,,,T725A,,,,Not present,,,,,,,,,,,,,,,,,,,,,,
FDC_RYC,Pseudomonas aeruginosa,S37,HRYC,RC13,3,"January 1, 2021",2021,1,1,262,262,NO,mucoid,8,I,16,R,0.25,S,0.5,I,1,S,2,S,2,S,0.12,S,0.25,S,≤0.125,S,,,,,,,,,,,LESB58,,,,,R65C,,,P344Q,,,,,,,,,,,,,,,,,,,,,,,,,,,,,,,,,,,,,,,,,S278F,,,,,,,,,,,,,,I75V,,,,,,,,,,,,,K404M,,,,,,,,,,,DELETED,F674L,,,,,,,,,,,,,DELETED,,"L1262Q,  P279S",,,,,,E74K,,,,,,E297Q,,,,,,,,,,,"A27T, V427L",,,,,,,,,R363S,,,,T99A,,,T725A,,,,Not present,,,,,,,,,,,,,,,,,,,,,,
FDC_RYC,Pseudomonas aeruginosa,S42,HRYC,RC14,1,"November 1, 2018",2018,11,1,198,198,NO,mucoid,8,I,2,I,0.5,S,4,R,1,S,1,S,1,S,0.5,S,0.5,S,4,R,,,,S466F,,I63V,,,,nt384Δ11,PAO1,,,A772T,,,,,,,G1056D,"F86S, D102N, A162V",,,,,,,,,,,A244T,,,,,,,,P683S,,,G59D,,,,,,,,,,,,,,,,,,,,,,,,,,,,L205W,,,,,,,,,,,,,,,,,,,,,,,,E794K,,,,,,,,,,,,,,,,,"H976Q, I209V","K2839T, R1729H, G1408S",,,,,,,,,,,,,,,,,,,,,G146A,,,,,,,,,,,,,R1C,,,,,,,,Not present,,D49E,,,,,,,,,,R173Q,,,,,,,,,,,
FDC_RYC,Pseudomonas aeruginosa,S41,HRYC,RC14,2,"January 1, 2020",2020,1,1,198,198,NO,regular,16,I,2,I,0.5,S,2,R,1,S,1,S,1,S,0.5,S,0.5,S,1,S,,,,S466F,,I63V,,,,nt846Δ13,PAO1,,,A772T,,,,,,,G1056D,"F86S, D102N, A162V",,,,,,,"nt904InsC, nt874InsGGAACTCGCTGA",,,,,,,,,,,,P683S,,,G59D,,,,,,,,,,,,,,,,,,,,,,,,,,,,L205W,,,,,,,,,,,,,,,,,,,,,,,,E794K,,,,,,,,,,,,,,,,,"H976Q, I209V","K2839T, R1729H, G1408S",,,,,,,,,,,,,,,,,,,,,G146A,,,,,,,,,,,,,R1C,,,,,,,,Not present,,D49E,,,,,,,,,,R173Q,,,,,,,,,,,
FDC_RYC,Pseudomonas aeruginosa,S40,HRYC,RC14,3,"December 1, 2020",2020,12,1,198,198,NO,small colony variant,32,R,4,I,4,I,2,R,1,S,2,S,2,S,2,S,1,S,0.25,S,,,,S466F,,I63V,,,,nt846Δ13,PAO1,,,A772T,,,,,,,G1056D,"F86S, D102N, A162V",,,,,,,nt904InsC,,,,,,,,,,,,P683S,,,G59D,,,,,,,,,,,,,,,,,,,,,,,,,,,,L205W,,,,,,,,,,,,,,,,,,,,,,,,E794K,,,,,,,,,,,,,,,,,"H976Q, I209V","K2839T, R1729H, G1408S",,,,,,,,,,,,,,,,,,,,,G146A,,,,,,,,,,,,,R1C,,,,,,,,Not present,,D49E,,,,,,,,,,R173Q,,,,,,,,,,,
FDC_RYC,Pseudomonas aeruginosa,S45,HRYC,RC15,1,"May 1, 2019",2019,5,1,27,27,NO,regular,64,R,32,R,16,R,2,R,0.5,S,2,S,8,S,8,S,1,S,2,S,,,,S466F,nt394InsGATGCG,,,,,W339G,LESB58,,,,,A88P,,,,,,,,,,,,,,,,,,,,,,,,,,,,,,,,,,,,,,,,,,,,,,,,A117T,,,,,,N225H,,,,,,T466P,,,A228V,,,,D249N,,T244I,V741L,,,,,,,,,"R701C, A617S",D753G,,V196A,,,,,,,,,F140Y,,,,P403L,,"D1262E, A1157V","G3360A, E2215D",,,G505S,,,,,,,E164K,,,,,,,T7I,,,,,,,,,,,,,,,,,,,,,,,,L681M,,Not present,,,,,,,,,K876R,,,,,,,T439I,V480A,V20L,,,T177P,
FDC_RYC,Pseudomonas aeruginosa,S44,HRYC,RC15,2,"January 1, 2020",2020,1,1,27,27,NO,regular,64,R,32,R,8,I,2,R,1,S,2,S,4,S,8,S,1,S,0.25,S,,,,S466F,,,,,,W339G,LESB58,,,,,A88P,,,,,,,,,,,,,nt111InsG,,,R680C,,,,,,,,,,,,,,,,,,,,,,,,,,,,,,,,A117T,,,,,,N225H,,,,,,T466P,,,A228V,,,,D249N,,T244I,V741L,,,,,,,,,"R701C, A617S",D753G,,V196A,,,,,,,,,F140Y,,,,P403L,,"D1262E, A1157V","G3360A, E2215D",,,G505S,,,,,,,E164K,,,,,,,T7I,,,,,,,,,,,,,,,,,,,,,,,,L681M,,Not present,,,,,,,,,K876R,,,,,,,T439I,,V20L,,,,
FDC_RYC,Pseudomonas aeruginosa,S43,HRYC,RC15,3,"December 1, 2020",2020,12,1,27,27,NO,regular,32,R,16,R,8,I,2,R,1,S,1,S,4,S,4,S,1,S,0.25,S,,,,S466F,nt394InsGATGCG,,,,,W339G,LESB58,,,,,A88P,,,,,,,,,,,,,,,,,,,,,,,,,,,,,,,,,,,,,,,,,,,,,,,,A117T,,,,,,N225H,,,,,,T466P,,,A228V,,,,D249N,,T244I,V741L,,,,,,,,,"R701C, A617S",D753G,,V196A,,,,,,,,,F140Y,,,,P403L,,"D1262E, A1157V","G3360A, E2215D",,,G505S,,,,,,,E164K,,,,,,,T7I,,,,,,,,,,,,,,,,,,,,,,,,L681M,,Not present,,,,,,,,,K876R,,,,,,,T439I,,V20L,,,,
FDC_RYC,Pseudomonas aeruginosa,S48,HRYC,RC16,1,"December 1, 2018",2018,12,1,252,252,NO,small colony variant,4,I,2,I,0.12,S,0.5,I,1,S,1,S,2,S,≤0.06,S,0.25,S,≤0.125,S,,,,,,,nt2140Δ3,,,,LESB58,,,,,,,,,,,,,,,,,,,,,,,,,,,,,,,,,,,,,,,,,,,,,,,,,,,,,,,,,,,,,,,,,,,D433E,,,,,,,,G681S,,,,"P694L, A599V, G493A, F311L",D35E,,,,,,,,,,,,,,,R103C,,,,,,,"D2337E, Q1587H",D3367N,,,,,,,,,,,,G218S,,,,,,,,,,V311I,,,,,,,,A8T,,,N121T,,,,,,,,,,Not present,,,,,A283T,,,,,,,,,,,,,,,,,
FDC_RYC,Pseudomonas aeruginosa,S47,HRYC,RC16,2,"June 1, 2019",2019,6,1,252,252,NO,regular,16,I,8,I,0.25,S,0.5,I,1,S,1,S,2,S,0.12,S,0.25,S,≤0.125,S,,,,,,,nt2140Δ3,,,,LESB58,,,,,,,,,,,,,,,,,,,,,,,,,,,,,,,,,,,,,,,,,,,,,,,,,,,,,,,,,,,,,,,,,,,D433E,,,,,,,,G681S,,,,"P694L, A599V, G493A, F311L",D35E,,,,,,,,,,,,,,,R103C,,,,,,,"D2337E, Q1587H",D3367N,,,,,,,,,,,,G218S,,,,,,,,,,V311I,,,,,,,,A8T,,,N121T,,,,,,,,,,Not present,,,,,A283T,,,,,,,,,,,,,,,,,
FDC_RYC,Pseudomonas aeruginosa,S46,HRYC,RC16,3,"March 1, 2020",2020,3,1,252,252,NO,small colony variant,8,I,4,I,0.25,S,0.25,I,2,S,1,S,2,S,0.25,S,0.5,S,≤0.125,S,,,,,,,,,,,LESB58,,,,,,,,,,,,,,,,,,,,,,,,,,,,,,,,,,,,,,,,,,,,,,,,,,,,,,,,,,,,E473Q,,,,,,,D433E,,,,,,,,G681S,,,,"P694L, A599V, G493A, F311L",D35E,,,,,,,,,,,,,,,R103C,,,,,,,"D2337E, Q1587H",D3367N,,,,,,,,,,,,G218S,,,,,,,,,,V311I,,,,,,,,A8T,,,N121T,,,,,,,,,,Not present,,,,,A283T,,,,,,,,,,,,,,,,,
FDC_RYC,Pseudomonas aeruginosa,S51,HRYC,RC17,1,"January 1, 2019",2019,1,1,1480,1480,NO,regular,≤0.5,S/I,0.5,I,≤0.06,S,0.5,I,1,S,≤0.25,S,0.5,S,≤0.06,S,0.12,S,0.25,S,,,,,,E249X,,,,,LESB58,,,A604T,,,,,,,,,,,,nt440Δ1,,,,,,,,,,,,,,,,,A262S,,,,,,,,,,,,,,,,,,,P94S,,,,,,,,,,,,,,A527T,,"V181A, S327G",,,,,,,P618T,,,,D214Y,A160G,,,,"E25Q, P399L",,,,,,,,,,,,,F153Y,,,,,DELETED,,,,,R462H,,,,,,,,,,,,,,,,,,,,A714V,,,,,,,A123T,,K299R,,"nt905Δ2, A1149S, G1014S",,,,,,,,,Not present,,,,,,,I167L,,,,,R86H,,S601N,,,,S408G,,,,
FDC_RYC,Pseudomonas aeruginosa,S50,HRYC,RC17,2,"September 1, 2019",2019,9,1,1480,1480,NO,regular,≤0.5,S/I,1,I,≤0.06,S,0.25,I,1,S,0.5,S,0.5,S,≤0.06,S,0.25,S,≤0.125,S,,,,,,E249X,,,,,LESB58,,,A604T,,,,,,,,,,,,,,,,,,,,,,,,,,,,,A262S,,,,,,,,,,,,,,,,,,,P94S,,,,,,,,,,,,,,A527T,,"V181A, S327G",,,,,,,P618T,,,,D214Y,A160G,,,,"E25Q, P399L",,,,,,,,,,,,,F153Y,,,,,DELETED,,,,,R462H,,,,,,,,,,,,,,,,,,,,A714V,,,,,,,A123T,,K299R,,"nt905Δ2, A1149S, G1014S",,,,,,,,,Not present,,,,,,,I167L,,,,,R86H,,S601N,,,,S408G,,,,
FDC_RYC,Pseudomonas aeruginosa,S49,HRYC,RC17,3,"July 1, 2020",2020,7,1,1480,1480,NO,mucoid,≤0.5,S/I,1,I,≤0.06,S,2,R,2,S,0.5,S,0.5,S,≤0.06,S,0.25,S,≤0.125,S,,,,,,E249X,,,,,LESB58,,,A604T,,,,,,,,,,,,,,,,,,,,,,,,,,,,,A262S,,,,,,,,,,,,,,,,,,,P94S,,,,,,,,,,,,,,A527T,,"V181A, S327G",,,,,,,P618T,,,,D214Y,A160G,,,,"E25Q, P399L",,,,,,,,,,,,,F153Y,,,,,DELETED,,,,,R462H,,,,,,,,,,,,,,,,,,,,A714V,,,,,,,A123T,,K299R,,"nt905Δ2, A1149S, G1014S",,,,,,,,,Not present,,,,,,,I167L,,,,,R86H,,S601N,,,,S408G,,,,
FDC_RYC,Pseudomonas aeruginosa,S54,HRYC,RC18,1,"May 1, 2019",2019,5,1,2909,2909,NO,regular,16,I,4,I,4,I,1,R,1,S,1,S,2,S,4,S,2,S,≤0.125,S,,,,,Q31R,,,,,nt1199InsG,LESB58,A149T,,,,"A81V, Q134R",,,,,,,G263S,,,,,,nt1162Δ1,A194S,,,,,,,,,,,,,,,,,,,,,,,,,,,,,,,,,,,,,,,,,,,,,,A528V,,,,,,,,,,A561V,,,A163T,,D64G,,,,,,,,L758V,,,,,,,,,A320V,,,,,,"T1955P, A1468T",,,,,,,,A204T,,,,,,,,,,,,,L168Q,,,K413R,A335V,E97D,,L17F,,,,,,P1021L,,,,,,,,Not present,,,,,S23F,,,,,,,,,,,,,,,,,,
FDC_RYC,Pseudomonas aeruginosa,S53,HRYC,RC18,2,"March 1, 2020",2020,3,1,2909,2909,NO,regular,32,R,16,R,4,I,1,R,1,S,1,S,2,S,2,S,2,S,≤0.125,S,,,,,Q31R,,,,,nt1199InsG,LESB58,A149T,,,,"A81V, Q134R",,,,,,,G263S,,,,,,nt1162Δ1,A194S,,,,,,,,,,,,,,,,,,,,,,,,,,,,,,,,,,,,,,,,,,,,,,A528V,,,,,,,,,,A561V,,,A163T,,D64G,,,,,,,,L758V,,,,,,,,,A320V,,,,,,"T1955P, A1468T",,,,,,,,A204T,,,,,,,,,,,,,L168Q,,,K413R,A335V,E97D,,L17F,,,,,,P1021L,,,,,,,,Not present,,,,,S23F,,,,,,,,,,,,,,,,,,
FDC_RYC,Pseudomonas aeruginosa,S52,HRYC,RC18,3,"November 1, 2020",2020,11,1,2909,2909,NO,regular,32,R,32,R,8,I,2,R,1,S,1,S,2,S,8,S,1,S,≤0.125,S,,,,,Q31R,,,,,,LESB58,A149T,,,,"A81V, Q134R",,,,,,,G263S,,,,,,nt974InsGTC,A194S,,,,,,,,,,,,,,,,,,,,,,,,,,,,,,,,,,,,,,,,,,,,,,A528V,,,,,,,,,,A561V,,,A163T,,D64G,,,,,,,,L758V,,,,,,,,,A320V,,,,,,"T1955P, A1468T",,,,,,,,A204T,,,,,,,,,,,,,L168Q,,,K413R,A335V,E97D,,L17F,,,,,,P1021L,,,,,,,,Not present,,,,,S23F,,,,,,,,,,,,,,,,,,
FDC_RYC,Pseudomonas aeruginosa,S57,HRYC,RC19,1,"March 1, 2020",2020,3,1,3216,3216,NO,regular,≤0.5,S/I,1,I,≤0.06,S,0.12,I,1,S,0.5,S,1,S,≤0.06,S,0.25,S,0.5,S,,,,,,,G935R,,,,MTB-1,,,,,Y162S,,,,,,,,,,,,nt4763Δ3,,"nt876InsT, A280V",,,,,,,,,,,,,,,,,,,,,,,,,,,,,,,P307A,nt407InsCCCAAGCCCAAG,,,,,,,,,,,,,,,,,,K7N,,,,,I297N,N723S,,,R336S,,,,A242S,L177M,,,,DELETED,A469S,,,,,,,,,,,,,,,"D4468N, D2619N, R2341S, A2037E",,,,,,,,,,,,,,,,K124R,,,,,,,R571H,R63G,"A641V, K632N",,,,R66H,F743Y,,,,A640D,,,,,,,G264S,Not present,,,,,V614L,,,A284T,,,,,L25V,,,,,,,,P195T,,
FDC_RYC,Pseudomonas aeruginosa,S56,HRYC,RC19,2,"November 1, 2020",2020,11,1,2909,2909,NO,regular,32,R,16,R,8,I,1,R,1,S,1,S,4,S,8,S,2,S,≤0.125,S,,,,,Q31R,,,,,nt1199InsG,LESB58,,,I531T,,"A81V, Q134R, nt346Δ12",,,,,,,G263S,,,,,,nt1162Δ1,A194S,,,,,,,,,,,,,,,,,,,,,,,,,,,,,,,,,,,,,,,,,,,,,,A528V,,,,,,,,,,,,,A163T,,D64G,,,,,,,,L758V,,,,,,,,,,,,,,,"R3384Q, V3085I, T1955P, A1468T",,,,,,,,A204T,,,,,,,,,,,,,L168Q,,,K413R,A335V,E97D,,L17F,,,,,,P1021L,,,,,,,,,Not present,,,,S23F,,,,,,,,,,,,,,,,,,
FDC_RYC,Pseudomonas aeruginosa,S55,HRYC,RC19,3,"March 1, 2021",2021,3,1,3216,3216,NO,regular,32,R,16,R,16,R,0.5,I,1,S,1,S,1,S,8,S,1,S,0.25,S,,,,,,,G935R,,,,MTB-1,,,,,Y162S,,,,,,,,,,,,nt4763Δ3,,A280V,,,,,,,,,,,,,,,,,,,,,,,,,,,,,,,P307A,nt407InsCCCAAGCCCAAG,,,,,,,,,,,,,,,,,,K7N,,,,,I297N,N723S,,,R336S,,,,A242S,L177M,,,,DELETED,A469S,,,,,,,,,,,,,,,"D4468N, D2619N, R2341S, A2037E",,,,,,,,,,,,,,,,K124R,,,,,,,,R63G,"A641V, K632N",,,,R66H,F743Y,,,,A640D,,,,,,,G264S,,Not present,,,,V614L,,,A284T,,,,,L25V,,,,,,,,P195T,,
FDC_RYC,Pseudomonas aeruginosa,S60,HRYC,RC20,1,"January 1, 2019",2019,1,1,175,175,NO,regular,≤0.5,S/I,0.25,I,≤0.06,S,>4,R,1,S,≤0.25,S,≤0.12,S,≤0.06,S,0.12,S,≤0.125,S,,,,,,Q107X,,,,,LESB58,,,,,G195D,,,,,,,,"D87N, T83I",,,,,,,,,,,,,,,,,"L168Q, S87W",,A262S,,,,,,,,,,,,,,,,,A14G,,A173T,,,,,,,,,,,,,,,,,,,,,,,,,,,,A72V,,,,,,,, T758S,,,,G125S,,,,A481E,,A381V,,,,,V202L,"G3880C, P2808A, R2737H, A1953P, E140K",,,,,,,,,,A410V,,R19C,,,,,,,,,,,,"P51L, N53I",,,,,,D377N,,,,P340L,,,,,,,E598D,Not present,,M71I,A94T,,,,,,,,,,,,,,S13Y,,,,,,
FDC_RYC,Pseudomonas aeruginosa,S59,HRYC,RC20,2,"November 1, 2019",2019,11,1,175,175,NO,regular,8,I,4,I,8,I,>4,R,0.5,S,1,S,2,S,8,S,2,S,0.25,S,,,,,,Q107X,,,,,LESB58,,,,,G195D,,,,,,,,"D87N, T83I",,,,,,,,,,,,,,,,,"L168Q, S87W",,A262S,,,,,,,,,,,,,,,,,A14G,,A173T,,,,,,,,,,,,,,,,,,,,,,,,,,,,A72V,,,,,,,, T758S,,,,"nt24InsGC, G125S",,,,A481E,,A381V,,,,,V202L,"G3880C, P2808A, R2737H, A1953P, E140K",,,,,,,,,,A410V,,R19C,,,,,,,,,,,,"P51L, N53I",,,,,,D377N,,,,P340L,,,,,,,E598D,Not present,,M71I,A94T,,,,,,,,,,,,,,S13Y,,,,,,
FDC_RYC,Pseudomonas aeruginosa,S58,HRYC,RC20,3,"September 1, 2020",2020,9,1,175,175,NO,regular,16,I,8,I,16,R,>4,R,0.5,S,1,S,4,S,8,S,1,S,0.25,S,,,,,,Q107X,,,,,LESB58,,,,,G195D,,,,,,,,"D87N, T83I",,,,,,,,,,,,,,,,,"L168Q, S87W",,A262S,,,,,,,,,,,,,,,,,A14G,,A173T,,,,,,,,,,,,,,,,,,,,,,,,A215T,,,,A72V,,,,,,,, T758S,,,,G125S,,,,A481E,,A381V,,,,,V202L,"G3880C, P2808A, R2737H, A1953P, E140K",,,,,,,,,,A410V,,R19C,,,,,,,,,,,,"P51L, N53I",,,,,,D377N,,,,P340L,,,,,,,E598D,Not present,,M71I,A94T,,,,,,,,,,,,,,S13Y,,,,,,
FDC_RYC,Pseudomonas aeruginosa,S63,HRYC,RC21,1,"June 1, 2018",2018,6,1,NEW4,NEW4,NO,regular,4,I,1,I,0.12,S,>4,R,2,S,0.5,S,1,S,≤0.06,S,0.5,S,≤0.125,S,,,,,,,,,,,LESB58,,,R534Q,,,,,,,,,,D87Y,,,,,,,,,,,,,,R163P,,,,,,,,,,,,,,,,,,,,,,T310M,,,,,,,,,,,,,,,,V113I,,,,,,,nt1382Δ1,,,,,,,,R48H,,,,,S340P,,,,P251S,,,,,L29P,,,,,,A347T,,"G1478S, Q282K","E3061K, R2885H",L50F,,,,,,,,,T470A,G145S,,,,,,"N507D, H474Y",,,,,,,,,,,,,,,,,R1492C,,,,,,,,,Not present,,,,,,,,,G674S,,,,P178S,,,,,,,,,
FDC_RYC,Pseudomonas aeruginosa,S62,HRYC,RC21,2,"March 1, 2019",2019,3,1,NEW4,NEW4,NO,regular,16,I,1,I,0.12,S,>4,R,1,S,0.5,S,0.5,S,≤0.06,S,258,S,≤0.125,S,,,,,,,,,,,LESB58,,,R534Q,,,,,,,,,,D87Y,,,,,,,,,,,,,,R163P,,,,,,,,,,,,,,,,,,,,,,T310M,,,,,,,,,,,,,,,,V113I,,,,,,,nt1382Δ1,,,,,,,,R48H,,,,,S340P,,,,P251S,,,,,L29P,,,,,,A347T,,"G1478S, Q282K","E3061K, R2885H",L50F,,,,,,,,,T470A,G145S,,,,,,"N507D, H474Y",,,,,,,,,,,,,,,,,R1492C,,,,,,,,,Not present,,,,,,,,,G674S,,,,P178S,,,,,,,,,
FDC_RYC,Pseudomonas aeruginosa,S61,HRYC,RC21,3,"December 1, 2019",2019,12,1,NEW4,NEW4,NO,regular,16,I,1,I,0.12,S,>4,R,1,S,1,S,1,S,0.12,S,0.25,S,0.5,S,,,,,,,,,,,LESB58,,,R534Q,,,,,,,,,,D87Y,,,,,,,,,,,,,,R163P,,,,,,,,,,,,,,,,,,,,,,T310M,,,,,,,,,,,,,,,,V113I,,,,,,,nt1382Δ1,,,,,,,,R48H,,,,,S340P,,,,P251S,,,,,L29P,,,,,,A347T,,"G1478S, Q282K","E3061K, R2885H",L50F,,,,,,,,,T470A,G145S,,,,,,"N507D, H474Y",,,,,,,,,,,,,,,,,R1492C,,,,,,,,,Not present,,,,,,,,,G674S,,,,P178S,,,,,,,,,
FDC_RYC,Pseudomonas aeruginosa,S66,HRYC,RC22,1,"October 1, 2018",2018,10,1,379,379,YES,regular,4,I,2,I,0.25,S,0.12,I,0.5,S,1,S,1,S,0.25,S,0.5,S,1,S,,,,,,,,,R180L,,LESB58,,,,,,T167I,,,,,,,,,,,nt4763Δ3,,,,,,,A214V,,,,,,,,,,,,,,,I133V,,,,,,,,,,V153M,,"V261I, nt507Δ12",,,,,,,,," R629H, N171S",,,,,,,,,,M43I,,R3K,"H334R, G538S",A68T,,,,,,,Q168*,,,"Y558F, P37A, A33S, A29T",,,,,,,,,,,,,,,,,,,,,"D760G, A55V",H532R,,,,N698S,,,F584Y,,H87P,,,,,,,,,V48I,,,,,,,nt2049Δ1,,,P80R,,,G990D,,,,,,,R377C,,Not present,,S150A,,T53A,,,,,I40T,,,,,,,V276L,D320N,,,,,
FDC_RYC,Pseudomonas aeruginosa,S65,HRYC,RC22,2,"May 1, 2019",2019,5,1,379,379,YES,regular,4,I,2,I,0.25,S,0.25,I,1,S,1,S,2,S,0.25,S,0.5,S,1,S,,,,,,,,,R180L,,LESB58,,,,,,T167I,,,,,,,,,,,nt4763Δ3,,,,,,,A214V,,,,,,,,,,,,,,,"nt1Ins12, I133V",,,,,,,,,,V153M,,V261I,,,,,,,,, R629H,,,,,,,,,,M43I,,R3K,"H334R, G538S",A68T,,,,,,,Q168*,,,"Y558F, P37A, A33S, A29T",,,,,,,,,,,,,,,,,,,,,"D760G, A55V",H532R,,,,N698S,,,F584Y,,H87P,,,,,,,,,V48I,,,,,,,nt2049Δ1,,,P80R,,,G990D,,,,,,,R377C,,Not present,,S150A,,T53A,,,,,I40T,,,,,,,V276L,D320N,,,,,
FDC_RYC,Pseudomonas aeruginosa,S64,HRYC,RC22,3,"August 1, 2020",2020,8,1,168,168,NO,regular,8,I,8,I,0.25,S,0.12,I,2,S,1,S,4,S,0.5,S,0.5,S,0.5,S,,,,,,,,,,,LESB58,,,,,,,,,,,,,"A659T, nt2739Δ6",,,,,,,,,,,,,,,,,,,,,,,,,,,,,,,,,,,,V153M,,,,,,,,,,,,,,,,,,,,,,,,,,,,,,,,,,D653A,,Q43K,,,,,,,,,,,,,,,,,A1346T,"P4988S, V4377I, V2631M, W931R",,,,,,H14Y,V664M,,,,nt555InsGAGCGGCAT,,,,,,,,,,,,,,,,,,,G80A,,,,,,,T13M,,,,M339I,,Not present,,,,A439V,,,V696A,,,,,,,A505V,,V276L,,F124L,,V452M,,
FDC_RYC,Pseudomonas aeruginosa,S69,HRYC,RC23,1,"November 1, 2019",2019,11,1,245,245,NO,regular,32,R,32,R,2,S,0.25,I,2,S,2,S,4,S,2,S,0.5,S,0.25,S,,,,,,,,,,,F23197,,,,,nt361Δ1,,,,,,,,,,,,,,,,,,,,,,,,,,,,,,,,,,,,,,,,,,,,N326S ,,P171L,,,,,,,,,,,,,,,,,,,,,,,,,,,,,A61V,,,,,,,,,,,P79L,,,,,,A110G,,T98P,,DELETED,,,,,,,,,,,,,,,,,,,,,,,,,,,,,,,,,,,,E1688K,,,,,,,,,Not present,,,,,,,,,,,,,,,,,,,,,,
FDC_RYC,Pseudomonas aeruginosa,S68,HRYC,RC23,2,"May 1, 2020",2020,5,1,245,245,NO,regular,32,R,32,R,2,S,0.5,I,2,S,1,S,2,S,1,S,0.5,S,1,S,,,,,,,,,,,F23197,,,,,nt84Δ19,,,,,,,,,,,,,,,,,,,,,,,,,,,,,,,,,,,,,,,,,,,,N326S ,,P171L,,,,,,,,,,,,,,,,,,,,,,,,,,,,,A61V,,,,,,,,,,,P79L,,,,,,A110G,,,,DELETED,,,,,,,,,,,,,,,,,,,,,,,,,,,,,,,,,,,,E1688K,,,,,,,,,Not present,,,,,,,,,,,,,,,,,,,,,,
FDC_RYC,Pseudomonas aeruginosa,S67,HRYC,RC23,3,"December 1, 2020",2020,12,1,245,245,NO,regular,16,I,16,R,0.5,S,0.12,I,1,S,1,S,2,S,0.5,S,0.5,S,≤0.125,S,,,,,,,Y856X,,,,F23197,,,,,,,,,,,,,,,,,,,,,,,,,,,,,,,,,,,,,,,,,,,,,,,,,N326S ,,P171L,,,,,,,,,,,,,,,,,,,,,,,,,,,,,A61V,,,,,,,,,,,P79L,,,,,,A110G,,,,DELETED,,,,,,,,,,,,,,,,,,,,,,,,,,,,,,,,,,,,E1688K,,,,,,,,,Not present,,,,,,,,,,,,,,,,,,,,,,
FDC_RYC,Pseudomonas aeruginosa,S72,HRYC,RC24,1,"June 1, 2018",2018,6,1,3774,3774,NO,regular,≤0.5,S/I,4,I,0.5,S,2,R,1,S,0.5,S,1,S,0.5,S,1,S,≤0.125,S,,,,,,,,,,,LESB58,,,"A772T, T238I",,,,nt918Δ9,P28L,,,,,"D87V, T83I",,,,,H332Q,,,,,,,,,T39P,,,,,E124V,nt16Δ4,,,,,,,,,,,,,,,,DELETED,DELETED,DELETED,DELETED,DELETED,,,D155H,,,,,,,,,"I318L, D64N",,,,,,,,,,,,,,,,,,,,,,,,,,,,,,,,,A89T,,,DELETED,,S392N,G95D,,R414H,,,,S241R,,,,,,,,,A118T,,,,,,P315S,,,,,,,A45P,,,,,M436I,,,,,,,,I446S,Not present,,,,,,,S439G,,G141S,,,A331V,,,,,D49N,,,R625Q,,
FDC_RYC,Pseudomonas aeruginosa,S71,HRYC,RC24,2,"January 1, 2019",2019,1,1,3774,3774,NO,regular,8,I,>32,R,16,R,4,R,>4,R,8,R,4,S,4,S,4,R,0.25,S,,,,,,,,,,,LESB58,,,"A772T, T238I",,R126S,,,P28L,,,,,"D87V, T83I",,,,,H332Q,,,,"R504C, G63D",,,,,,,S324P,,,E124V,,,,,,,,,,,,,,,,,,,K130R,,,,,D155H,,,,,,,,,"I318L, D64N",,,,,,,,,,,,,,,nt962Δ2 ,,,,,,,,,,,,,,,,,,A89T,,,DELETED,,S392N,A53V,,R414H,,,,S241R,,,,,,,,,A118T,,,,,,P315S,,,,,,,A45P,,,,,M436I,,,,,,,,I446S,Not present,,,,,,,S439G,,G141S,S147L,,A331V,,,,,D49N,,,R625Q,,
FDC_RYC,Pseudomonas aeruginosa,S70,HRYC,RC24,3,"January 1, 2020",2020,1,1,3774,3774,NO,regular,4,I,32,R,8,I,4,R,>4,R,4,S,4,S,4,S,4,R,0.25,S,,,,,,,,,,,LESB58,,,"A772T, T238I",,R126S,,,P28L,,,,,"D87V, T83I",,,,,H332Q,,,,"R504C, G63D",,,,,,,V431I,,,E124V,,,,,,,,,,,,,,,,,,,K130R,,,,,D155H,,,,,,,,,"I318L, D64N",,,,,,,,,,,,,,,nt962Δ2,,,,,,,,,,,,,,,,,,A89T,,,DELETED,,S392N,A53V,,R414H,,,,S241R,,,,,,,,,A118T,,,,,,P315S,,,,,,,A45P,,,,,M436I,,,,,,,,I446S,Not present,,,,,,,S439G,,G141S,S147L,,A331V,,,,,D49N,,,R625Q,,
FDC_RYC,Pseudomonas aeruginosa,S75,HRYC,RC25,1,"January 1, 2019",2019,1,1,1993,1993,NO,regular,1,I ,2,I,0.25,S,0.12,I,2,S,2,S,2,S,0.12,S,1,S,0.25,S,,,,,,Q114X,,,,,FRD1,"G276R, A168T",,,,,,,,,F512L,,,,,E189K,,Y360F,,,,,V19A,,,,,,,,,,,,,,,,,,,,,,,,,,,"S371A, P725S",,,,,,,,,,,,,,,,,,,,,,R118C,,,,,,,,,,,,,,,,DELETED,A200T,,,,,,,,,,,,,DELETED,,,,A106T,Q161R,,G417S,,A714V,,,V674I,,,,,,,E185D,,,,,,,,,,,,,,,,,E500D,,,E128Q,,,,,Not present,,,,,,,L289M,,,,,,,,,,,,,,"D319N, A218T, R170L",,
FDC_RYC,Pseudomonas aeruginosa,S74,HRYC,RC25,2,"January 1, 2020",2020,1,1,1993,1993,NO,regular,≤0.5,S/I,2,I,0.25,S,0.25,I,2,S,1,S,1,S,0.12,S,0.5,S,≤0.125,S,,,,,,Q114X,,,,,FRD1,"G276R, A168T",,,,,,,,,F512L,,,,,E189K,,Y360F,,,,,V19A,,,,,,,,,,,,,,,,,,,,,,,,,,,"S371A, P725S",,,,,,,,,,,,,,,,,,,,,,R118C,,,,,,,,,,,,,,,,DELETED,A200T,,,,,,,,,,,,,DELETED,,,,A106T,Q161R,,G417S,,A714V,,,V674I,,,,,,,E185D,,,,,,,,,,,,,,,,,E500D,,,E128Q,,,,,Not present,,,,,,,L289M,,,,,,,,,,,,,,"D319N, A218T, R170L",,
FDC_RYC,Pseudomonas aeruginosa,S73,HRYC,RC25,3,"November 1, 2020",2020,11,1,1993,1993,NO,regular,≤0.5,S/I,2,I,0.12,S,0.5,I,2,S,1,S,1,S,0.12,S,0.5,S,0.25,S,,,,,,Q114X,,,,,FRD1,A168T,,,,,,,,,F512L,,,,,E189K,,Y360F,,,,,V19A,,,,,,,,,,,,,,,,,,,,,,,,,,,"S371A, P725S",,,,,,,,,,,,,,,,,,,,,,R118C,,,,,,,,,,,,,,,,DELETED,A200T,,,,,,,,,,,,,DELETED,,,,A106T,Q161R,,G417S,,A714V,,,V674I,,,,,,,E185D,,,,,,,,,,,,,,,,,E500D,,,E128Q,,,,,Not present,,,,,,,L289M,,,,,,,,,,,,,,"D319N, A218T, R170L",,
