REFERENCE;START ;END;GENE_LOCUS;GENE_NAME ;Related with;Subset;POLYMORPHISMS;POLYMORPHISMS_JSON;ALLELE;SPECIES
GCF_000006765.1;4275;6695;PA0004;gyrB;AR;BASIC;H148N , I769V ;"[""H148N"", ""I769V""]";;Pseudomonas aeruginosa
GCF_000006765.1;7018;7791;PA0005;lptA;AR;;V10I , T55A , R62S , R104C , K138R , A148V , H214Y , I244L ;"[""V10I"", ""T55A"", ""R62S"", ""R104C"", ""K138R"", ""A148V"", ""H214Y"", ""I244L""]";;Pseudomonas aeruginosa
GCF_000006765.1;20068;21012;PA0018;fmt;AR;;T26I , P49S , S54N , A56V , A79T , A80V , A80D , M86I , I102T , V128M , A161V , A179V ,I181V, A188V , E195K , I196V , I196D, Q227R , A251S  ,G254E , V273I , E277K , R281H , R284C , L287V , A308T ;"[""T26I"", ""P49S"", ""S54N"", ""A56V"", ""A79T"", ""A80V"", ""A80D"", ""M86I"", ""I102T"", ""V128M"", ""A161V"", ""A179V"", ""I181V"", ""A188V"", ""E195K"", ""I196V"", ""I196D"", ""Q227R"", ""A251S"", ""G254E"", ""V273I"", ""E277K"", ""R281H"", ""R284C"", ""L287V"", ""A308T""]";;Pseudomonas aeruginosa
GCF_000006765.2;26711;27535;PA0025;aroE;MLST;MLST;;[];;Pseudomonas aeruginosa
GCF_000006765.1;72680;73384;PA0058;dsbM;AR;;C28R , G32C , G52S , H57D , M60I , A111E , R118C , F206L , R130H , V132M , G137A , G141E , G143D 1), A149V , S154A , G155S , E183A , E183Q , R184H , Q210R , R212C , L213V , G218D , V220L , A224V , A225V , A219V , P226R  ;"[""C28R"", ""G32C"", ""G52S"", ""H57D"", ""M60I"", ""A111E"", ""R118C"", ""F206L"", ""R130H"", ""V132M"", ""G137A"", ""G141E"", ""G143D1)"", ""A149V"", ""S154A"", ""G155S"", ""E183A"", ""E183Q"", ""R184H"", ""Q210R"", ""R212C"", ""L213V"", ""G218D"", ""V220L"", ""A224V"", ""A225V"", ""A219V"", ""P226R""]";;Pseudomonas aeruginosa
GCF_000006765.1;339959;341056;PA0301;spuE;AR;;E49Q , D53E , A112T , L159I , E207D , A301S , I361V ;"[""E49Q"", ""D53E"", ""A112T"", ""L159I"", ""E207D"", ""A301S"", ""I361V""]";;Pseudomonas aeruginosa
GCF_000006765.1;341111;342265;PA0302;spuF;AR;;;[];;Pseudomonas aeruginosa
GCF_000006765.1;399493;400032;PA0355;pfpI;HYP;;S4P ,V21I , T24I , L40I , D42A , E57D , D62N , I83V ;"[""S4P"", ""V21I"", ""T24I"", ""L40I"", ""D42A"", ""E57D"", ""D62N"", ""I83V""]";;Pseudomonas aeruginosa
GCF_000006765.1;401131;401943;PA0357;mutM;HYP;;aa23Δ3 , A66S , A66T , A99V , A208V;"[""aa23Δ3"", ""A66S"", ""A66T"", ""A99V"", ""A208V""]";;Pseudomonas aeruginosa
GCF_000006765.1;434226;434819;PA0392;yggT;AR;;I76T , N157S , L163I , A208V ;"[""I76T"", ""N157S"", ""L163I"", ""A208V""]";;Pseudomonas aeruginosa
GCF_000006765.1;444687;445691;PA0402;pyrB;AR;;I211V , G212S , D226N , D231G , D231N ;"[""I211V"", ""G212S"", ""D226N"", ""D231G"", ""D231N""]";;Pseudomonas aeruginosa
GCF_000006765.1;471306;471749;PA0424;mexR;AR;BASIC;A103T , A103G , V126E , V132A , V132M ;"[""A103T"", ""A103G"", ""V126E"", ""V132A"", ""V132M""]";;Pseudomonas aeruginosa
GCF_000006765.1;472024;473175;PA0425;mexA;AR;BASIC;V286I , D373E , D373N ;"[""V286I"", ""D373E"", ""D373N""]";;Pseudomonas aeruginosa
GCF_000006765.1;473191;476331;PA0426;mexB;AR;BASIC;I186V , N248K , N312S , E429D , H525N , I745V , E845D , G957D , V1014I ;"[""I186V"", ""N248K"", ""N312S"", ""E429D"", ""H525N"", ""I745V"", ""E845D"", ""G957D"", ""V1014I""]";;Pseudomonas aeruginosa
GCF_000006765.1;476333;477790;PA0427;oprM;AR;BASIC;V72L , A261T , D448N , T477S , A478T ;"[""V72L"", ""A261T"", ""D448N"", ""T477S"", ""A478T""]";;Pseudomonas aeruginosa
GCF_000006765.1;484964;487156;PA0434;optJ;AR;CR;H4Y , L25W , E31D , A45G , S104L , V146I , L217V , R288H , N362D , S397N , R427Q , R435C , V466A , aa470InsD , V471T, P472T, D473A , D473T, aa473D1 , K474A, D475S, N476D , V487L , G524A , G524D , D547E , R558C , P569L , V672A , P673S , T676M , R691W ;"[""H4Y"", ""L25W"", ""E31D"", ""A45G"", ""S104L"", ""V146I"", ""L217V"", ""R288H"", ""N362D"", ""S397N"", ""R427Q"", ""R435C"", ""V466A"", ""aa470InsD"", ""V471T"", ""P472T"", ""D473A"", ""D473T"", ""aa473D1"", ""K474A"", ""D475S"", ""N476D"", ""V487L"", ""G524A"", ""G524D"", ""D547E"", ""R558C"", ""P569L"", ""V672A"", ""P673S"", ""T676M"", ""R691W""]";;Pseudomonas aeruginosa
GCF_000006765.1;487167;488645;PA0435;-;AR;;D51E, A55D, A55S, A55V, S66G, T70S, P83S, D91E, R93H, R130W, F131I, T153A, Q157E, A180S, W198G, D200N, V217A, A244V, L285F, L287V, D296E, V319A, Y332C, N341H, A357V, A366T, P369L, D409H, S411P, S422C, A474S;"[""D51E"", ""A55D"", ""A55S"", ""A55V"", ""S66G"", ""T70S"", ""P83S"", ""D91E"", ""R93H"", ""R130W"", ""F131I"", ""T153A"", ""Q157E"", ""A180S"", ""W198G"", ""D200N"", ""V217A"", ""A244V"", ""L285F"", ""L287V"", ""D296E"", ""V319A"", ""Y332C"", ""N341H"", ""A357V"", ""A366T"", ""P369L"", ""D409H"", ""S411P"", ""S422C"", ""A474S""]";;Pseudomonas aeruginosa
GCF_000006765.1;488730;489350;PA0436;-;AR;;S149P, H179R, M185I;"[""S149P"", ""H179R"", ""M185I""]";;Pseudomonas aeruginosa
GCF_000006765.1;523254;523943;PA0463;creB;AR;;A27T , T29S , A39V , P123L , A124V , E127V , E128G , A129V ,A130T , E140A ;"[""A27T"", ""T29S"", ""A39V"", ""P123L"", ""A124V"", ""E127V"", ""E128G"", ""A129V"", ""A130T"", ""E140A""]";;Pseudomonas aeruginosa
GCF_000006765.1;523943;525367;PA0464;creC;AR;;N59S , D66C , M70I , S101R , A109T , A109V , R119C , G157A , A287V , R356C , E358 , A397V , P472S ;"[""N59S"", ""D66C"", ""M70I"", ""S101R"", ""A109T"", ""A109V"", ""R119C"", ""G157A"", ""A287V"", ""R356C"", ""E358"", ""A397V"", ""P472S""]";;Pseudomonas aeruginosa
GCF_000006765.1;525469;526827;PA0465;creD;AR;;T72S , K78R , R104H , H119Q , I154V , N169D , A171T , V173I , R202L , V228I , Q253E , V335I , V394I  , V394A , A409T , F445L , A450D , A451K ;"[""T72S"", ""K78R"", ""R104H"", ""H119Q"", ""I154V"", ""N169D"", ""A171T"", ""V173I"", ""R202L"", ""V228I"", ""Q253E"", ""V335I"", ""V394I"", ""V394A"", ""A409T"", ""F445L"", ""A450D"", ""A451K""]";;Pseudomonas aeruginosa
GCF_000006765.1;530029;532437;PA0470;fiuA;AR;;A14V, T60A, A99V, V108L, P130S, N171S, S191T, L233F, A261T, V269I, V277I, V295I, V295L, D301E, R389Q, A412G, T431I, V439I, V444M, K511Q, D526N, S654T, D666E, M670I, M670L, A673S, A677T, T711A;"[""A14V"", ""T60A"", ""A99V"", ""V108L"", ""P130S"", ""N171S"", ""S191T"", ""L233F"", ""A261T"", ""V269I"", ""V277I"", ""V295I"", ""V295L"", ""D301E"", ""R389Q"", ""A412G"", ""T431I"", ""V439I"", ""V444M"", ""K511Q"", ""D526N"", ""S654T"", ""D666E"", ""M670I"", ""M670L"", ""A673S"", ""A677T"", ""T711A""]";;Pseudomonas aeruginosa
GCF_000006765.1;532541;533512;PA0471;fiuR;AR;;S2N, A43T, A66V, S76T, G90S, V105L, A119T, L216F, A243V, L244M, Q276L, Q276R, E303Q, V311L;"[""S2N"", ""A43T"", ""A66V"", ""S76T"", ""G90S"", ""V105L"", ""A119T"", ""L216F"", ""A243V"", ""L244M"", ""Q276L"", ""Q276R"", ""E303Q"", ""V311L""]";;Pseudomonas aeruginosa
GCF_000006765.1;533509;534027;PA0472;fiuI;AR;;G21S, A25V, A87V, S131N;"[""G21S"", ""A25V"", ""A87V"", ""S131N""]";;Pseudomonas aeruginosa
GCF_000006765.1;547432;548406;PA0486;yihE;AR;;S2P , V41I , A62S , S71A , G89D , S96A , P137Q , A155T , N161S , R165K , A184T , D210E , V211A, D258E ;"[""S2P"", ""V41I"", ""A62S"", ""S71A"", ""G89D"", ""S96A"", ""P137Q"", ""A155T"", ""N161S"", ""R165K"", ""A184T"", ""D210E"", ""V211A"", ""D258E""]";;Pseudomonas aeruginosa
GCF_000006765.1;548468;549226;PA0487;modR;AR;;V11I , A19S , E56D , A93T , A138S , P182T , H191Q , T216I , K236E , I238V ;"[""V11I"", ""A19S"", ""E56D"", ""A93T"", ""A138S"", ""P182T"", ""H191Q"", ""T216I"", ""K236E"", ""I238V""]";;Pseudomonas aeruginosa
GCF_000006765.1;656654;657670;PA0596;amgK;AR;;C12R ;"[""C12R""]";;Pseudomonas aeruginosa
GCF_000006765.1;657667;658341;PA0597;murU;AR;;S68T ;"[""S68T""]";;Pseudomonas aeruginosa
GCF_000006765.1;670980;672458;PA0609;trpE;MLST;MLST;;[];;Pseudomonas aeruginosa
GCF_000006765.1;672777;673091;PA0610;prtN;AR;;S4T , S8T , S91G , Q96P , I102V , S104P  ;"[""S4T"", ""S8T"", ""S91G"", ""Q96P"", ""I102V"", ""S104P""]";;Pseudomonas aeruginosa
GCF_000006765.1;673191;673961;PA0611;prtR;AR;;S4R , E73D , A75T , A78V , R216C , G251A ;"[""S4R"", ""E73D"", ""A75T"", ""A78V"", ""R216C"", ""G251A""]";;Pseudomonas aeruginosa
GCF_000006765.1;674419;674619;PA0612;ptrB;AR;;A21S , P51S , R62C ;"[""A21S"", ""P51S"", ""R62C""]";;Pseudomonas aeruginosa
GCF_000006765.1;717635;718726;PA0666;anmK;AR;;D25N ;"[""D25N""]";;Pseudomonas aeruginosa
GCF_000006765.1;818003;818698;PA0750;ung;HYP;;A12S , V43A , N114H , ;"[""A12S"", ""V43A"", ""N114H""]";;Pseudomonas aeruginosa
GCF_000006765.1;845793;848192;PA0779;asrA;AR;;P8S , P16S , D355Y , V379A , S523A , L576F , M608I , D658E , R778K  ;"[""P8S"", ""P16S"", ""D355Y"", ""V379A"", ""S523A"", ""L576F"", ""M608I"", ""D658E"", ""R778K""]";;Pseudomonas aeruginosa
GCF_000006765.1;884799;885566;PA0807;ampDh3;AR;BASIC;V19M , T40I , A51T , K63E , R66C , R66G , I67T , D75G , I171V , R182C , A196V , D197E , A208V , A219T , D235G ;"[""V19M"", ""T40I"", ""A51T"", ""K63E"", ""R66C"", ""R66G"", ""I67T"", ""D75G"", ""I171V"", ""R182C"", ""A196V"", ""D197E"", ""A208V"", ""A219T"", ""D235G""]";;Pseudomonas aeruginosa
GCF_000006765.1;949716;950648;PA0869;PBP7;AR;BASIC;G154R  , S250N , A287S , ;"[""G154R"", ""S250N"", ""A287S""]";;Pseudomonas aeruginosa
GCF_000006765.1;969670;971625;PA0887;acsA;MLST;MLST;;[];;Pseudomonas aeruginosa
GCF_000006765.1;976410;977399;PA0893;argR;AR;;A3V , A83V , K93R , T155S  , T321A ,;"[""A3V"", ""A83V"", ""K93R"", ""T155S"", ""T321A""]";;Pseudomonas aeruginosa
GCF_000006765.1;1015938;1016657;PA0929;pirR;AR;CR;F2L , G52A , R65L , D66G , E69D , G132R , G135S , G135D , E139G , P140A , L141P , Q199P ;"[""F2L"", ""G52A"", ""R65L"", ""D66G"", ""E69D"", ""G132R"", ""G135S"", ""G135D"", ""E139G"", ""P140A"", ""L141P"", ""Q199P""]";;Pseudomonas aeruginosa
GCF_000006765.1;1016657;1017994;PA0930;pirS;AR;;V23A ;"[""V23A""]";;Pseudomonas aeruginosa
GCF_000006765.1;1018230;1020458;PA0931;pirA;AR;CR;Y2S , S20N , G23D , D37E , V128A , T144S , A166S , A223V , A228V , T235I , P275S , A303V , D311G , S332A , G363S , A370T , E374G , T480A , R549S , G578E , N581S , K590T , D608G , G627D , T683P ;"[""Y2S"", ""S20N"", ""G23D"", ""D37E"", ""V128A"", ""T144S"", ""A166S"", ""A223V"", ""A228V"", ""T235I"", ""P275S"", ""A303V"", ""D311G"", ""S332A"", ""G363S"", ""A370T"", ""E374G"", ""T480A"", ""R549S"", ""G578E"", ""N581S"", ""K590T"", ""D608G"", ""G627D"", ""T683P""]";;Pseudomonas aeruginosa
GCF_000006765.1;1043983;1045314;PA0958;oprD;AR;BASIC;;[];;Pseudomonas aeruginosa
GCF_000006765.1;1270972;1272168;PA1171;sltB2;AR;;aa1∆24 ;"[""aa1∆24""]";;Pseudomonas aeruginosa
GCF_000006765.1;1277006;1277608;PA1178;oprH;AR;;;[];;Pseudomonas aeruginosa
GCF_000006765.1;1277688;1278365;PA1179;phoP;AR;BASIC;P31Q , R81C ;"[""P31Q"", ""R81C""]";;Pseudomonas aeruginosa
GCF_000006765.1;1278362;1279708;PA1180;phoQ;AR;BASIC;Y85F , S157T , Q263H , Y377C , A391V ;"[""Y85F"", ""S157T"", ""Q263H"", ""Y377C"", ""A391V""]";;Pseudomonas aeruginosa
GCF_000006765.1;1324793;1325950;PA1222;mltA;AR;;K35T ;"[""K35T""]";;Pseudomonas aeruginosa
GCF_000006765.1;1457175;1457633;PA1343;pagP;AR;;Y32H , Y88H , F129L , L132V ;"[""Y32H"", ""Y88H"", ""F129L"", ""L132V""]";;Pseudomonas aeruginosa
GCF_000006765.1;1458707;1460296;PA1345;gshB;AR;;L17P , A25V , R64H , D65G, S103P , D321N , A380V , P341S , R442H , L463R , V495I, R507S , L524F ;"[""L17P"", ""A25V"", ""R64H"", ""D65G"", ""S103P"", ""D321N"", ""A380V"", ""P341S"", ""R442H"", ""L463R"", ""V495I"", ""R507S"", ""L524F""]";;Pseudomonas aeruginosa
GCF_000006765.1;1474391;1474714;PA1362;-;AR;;A4V, Q15E, P33S, D51Y, L70F, E74D, R104C;"[""A4V"", ""Q15E"", ""P33S"", ""D51Y"", ""L70F"", ""E74D"", ""R104C""]";;Pseudomonas aeruginosa
GCF_000006765.1;1474727;1475467;PA1363;-;AR;;K5E, S11T, A13E, A29V, C33R, R36H, T39A, I42V, D44G, D59A, D59G, D59V, D76E, D126N, P130H, I137V, A141T, A154T, Q197R, V208I, D215H, V221I;"[""K5E"", ""S11T"", ""A13E"", ""A29V"", ""C33R"", ""R36H"", ""T39A"", ""I42V"", ""D44G"", ""D59A"", ""D59G"", ""D59V"", ""D76E"", ""D126N"", ""P130H"", ""I137V"", ""A141T"", ""A154T"", ""Q197R"", ""V208I"", ""D215H"", ""V221I""]";;Pseudomonas aeruginosa
GCF_000006765.1;1475464;1476306;PA1364;-;AR;;A23V, P35L, A56V, G74S,  A58T, I95L, I95V, A107V, A110T, V113A, R123Q, R124P, V129A, S131A, D133H, I134V, A167V, M187T, V248A ;"[""A23V"", ""P35L"", ""A56V"", ""G74S"", ""A58T"", ""I95L"", ""I95V"", ""A107V"", ""A110T"", ""V113A"", ""R123Q"", ""R124P"", ""V129A"", ""S131A"", ""D133H"", ""I134V"", ""A167V"", ""M187T"", ""V248A""]";;Pseudomonas aeruginosa
GCF_000006765.1;1476384;1478825;PA1365;optN;AR;;V23M, V33M, A63T, R73H, D86N, K90N, P110S, Q113H, R154H, M171I, P261S, V321I, R361K, I372V, L390F, P500A, I539V, L557F, A580V, R599H, G627D, Y662H, A679V, V741L;"[""V23M"", ""V33M"", ""A63T"", ""R73H"", ""D86N"", ""K90N"", ""P110S"", ""Q113H"", ""R154H"", ""M171I"", ""P261S"", ""V321I"", ""R361K"", ""I372V"", ""L390F"", ""P500A"", ""I539V"", ""L557F"", ""A580V"", ""R599H"", ""G627D"", ""Y662H"", ""A679V"", ""V741L""]";;Pseudomonas aeruginosa
GCF_000006765.1;1491913;1493055;PA1375;pdxB;AR;;Q19H , D31E , R32C , R32H , A33V , R51C , R51H , V109L , V109K , Q150T , A151V , A168V , R179H , H183Y , E191G , P192T , R198C , G200S , 204L , R247H , A276V , R283H , A307V , D324H , D324A , T337N , T337S , R339C , P351T , A361T , Q365R , A366V , E367G , V371M , R373Q ;"[""Q19H"", ""D31E"", ""R32C"", ""R32H"", ""A33V"", ""R51C"", ""R51H"", ""V109L"", ""V109K"", ""Q150T"", ""A151V"", ""A168V"", ""R179H"", ""H183Y"", ""E191G"", ""P192T"", ""R198C"", ""G200S"", ""204L"", ""R247H"", ""A276V"", ""R283H"", ""A307V"", ""D324H"", ""D324A"", ""T337N"", ""T337S"", ""R339C"", ""P351T"", ""A361T"", ""Q365R"", ""A366V"", ""E367G"", ""V371M"", ""R373Q""]";;Pseudomonas aeruginosa
GCF_000006765.1;1533238;1534278;PA1409;aphA;AR;;S42L , A50T , A53E , L62I , A65G , R149H , S150N , I193V , R224L , G254S , G256 , R297K , I320V ;"[""S42L"", ""A50T"", ""A53E"", ""L62I"", ""A65G"", ""R149H"", ""S150N"", ""I193V"", ""R224L"", ""G254S"", ""G256"", ""R297K"", ""I320V""]";;Pseudomonas aeruginosa
GCF_000006765.1;1558171;1558890;PA1430;lasR;AR;;D73G , L154F , R180W , Q186X  W187R , E196D , A206V , R217W  A231V ;"[""D73G"", ""L154F"", ""R180W"", ""Q186XW187R"", ""E196D"", ""A206V"", ""R217WA231V""]";;Pseudomonas aeruginosa
GCF_000006765.1;1730181;1731347;PA1588;sucC;AR;;A147V, P157S ;"[""A147V"", ""P157S""]";;Pseudomonas aeruginosa
GCF_000006765.1;1731347;1732234;PA1589;sucD;AR;;;[];;Pseudomonas aeruginosa
GCF_000006765.1;1914037;1916412;PA1770;ppsA;MLST;MLST;;[];;Pseudomonas aeruginosa
GCF_000006765.1;1921174;1922226;PA1777;oprF;AR;;T93A ;"[""T93A""]";;Pseudomonas aeruginosa
GCF_000006765.1;1946187;1947041;PA1796;folD;AR;;R27K , D78N , D219G ;"[""R27K"", ""D78N"", ""D219G""]";;Pseudomonas aeruginosa
GCF_000006765.1;1948502;1950334;PA1797;PA1797;AR;;S8P , L10F , A28V , D41N , D41V , R48H , V70A , Q81E , H82Q , L100P , A110T , L115F , D123A , R126H , A136V , E140K , F147L , F147V , E168K , R169H , N171S , S172P , G174S , A178T , V180A , H195Y , D225E , A242T , H246Q , G247S , aa250insDG , G250S , aa252insGG , P254L , G255S , aa258insAA , V262T , aa267insT , N282K , R288H , F300L , A308T , A305V , P328L , A341T , P343R , G344E , A347T, I350V , E354G  R356H , D367Y , S368R , S370P , K387R , P393S , E406K , P410S , P410R , D412E , R423H , I427V , Y430H , F440I , G441S , M457A , M457T , R460S , V469M , T494G , T496V , T496A , S507P , Q510H , T513N , G525S , H527Y , Y529H , G549R , T551A , F556L , V567I , L575Q , A588T , D597G , K599E , L604P , S609P ;"[""S8P"", ""L10F"", ""A28V"", ""D41N"", ""D41V"", ""R48H"", ""V70A"", ""Q81E"", ""H82Q"", ""L100P"", ""A110T"", ""L115F"", ""D123A"", ""R126H"", ""A136V"", ""E140K"", ""F147L"", ""F147V"", ""E168K"", ""R169H"", ""N171S"", ""S172P"", ""G174S"", ""A178T"", ""V180A"", ""H195Y"", ""D225E"", ""A242T"", ""H246Q"", ""G247S"", ""aa250insDG"", ""G250S"", ""aa252insGG"", ""P254L"", ""G255S"", ""aa258insAA"", ""V262T"", ""aa267insT"", ""N282K"", ""R288H"", ""F300L"", ""A308T"", ""A305V"", ""P328L"", ""A341T"", ""P343R"", ""G344E"", ""A347T"", ""I350V"", ""E354GR356H"", ""D367Y"", ""S368R"", ""S370P"", ""K387R"", ""P393S"", ""E406K"", ""P410S"", ""P410R"", ""D412E"", ""R423H"", ""I427V"", ""Y430H"", ""F440I"", ""G441S"", ""M457A"", ""M457T"", ""R460S"", ""V469M"", ""T494G"", ""T496V"", ""T496A"", ""S507P"", ""Q510H"", ""T513N"", ""G525S"", ""H527Y"", ""Y529H"", ""G549R"", ""T551A"", ""F556L"", ""V567I"", ""L575Q"", ""A588T"", ""D597G"", ""K599E"", ""L604P"", ""S609P""]";;Pseudomonas aeruginosa
GCF_000006765.1;1950439;1951725;PA1798;parS;AR;BASIC;A82T , A115E , T131P , V146A , R243H , A293V , V295I , V304I , V313I , V327L , E343D , S352I , R356L , H398R , Y407H , R421C ;"[""A82T"", ""A115E"", ""T131P"", ""V146A"", ""R243H"", ""A293V"", ""V295I"", ""V304I"", ""V313I"", ""V327L"", ""E343D"", ""S352I"", ""R356L"", ""H398R"", ""Y407H"", ""R421C""]";;Pseudomonas aeruginosa
GCF_000006765.1;1951726;1952433;PA1799;parR;AR;BASIC;R34H , A41G , A44S , L58R , A129T , T135A , L153R , M160T , S170N ;"[""R34H"", ""A41G"", ""A44S"", ""L58R"", ""A129T"", ""T135A"", ""L153R"", ""M160T"", ""S170N""]";;Pseudomonas aeruginosa
GCF_000006765.1;1954069;1954710;PA1801;clpP;AR;;P11S , G175R ;"[""P11S"", ""G175R""]";;Pseudomonas aeruginosa
GCF_000006765.1;1956227;1958623;PA1803;lon;AR;;R107S , T265A, A499S , G515V , L540F , Q587R ;"[""R107S"", ""T265A"", ""A499S"", ""G515V"", ""L540F"", ""Q587R""]";;Pseudomonas aeruginosa
GCF_000006765.1;1969635;1971239;PA1812;mltD;AR;;T8A , T65S , T65A , A30V , A115E , V221L , T334S , A347T , A355N , D357E , V401A , T414S , T466P , A470S ;"[""T8A"", ""T65S"", ""T65A"", ""A30V"", ""A115E"", ""V221L"", ""T334S"", ""A347T"", ""A355N"", ""D357E"", ""V401A"", ""T414S"", ""T466P"", ""A470S""]";;Pseudomonas aeruginosa
GCF_000006765.1;1973470;1974210;PA1816;dnaQ;HYP;;R33H , T114S , M193I , A238V ;"[""R33H"", ""T114S"", ""M193I"", ""A238V""]";;Pseudomonas aeruginosa
GCF_000006765.1;2054911;2057274;PA1886;polB;AR;;T16M , T20A , V22I , G52V ,F74L , N92S , E113K , A129V , A163T , D166H , D176G ,  V193L , R196C , H217Y , M255L , R484S , Q492K , A565S , A565V 2), A566T ,  E631Q , R695H , D697G , N717D , S728G , S749A , G773D ;"[""T16M"", ""T20A"", ""V22I"", ""G52V"", ""F74L"", ""N92S"", ""E113K"", ""A129V"", ""A163T"", ""D166H"", ""D176G"", ""V193L"", ""R196C"", ""H217Y"", ""M255L"", ""R484S"", ""Q492K"", ""A565S"", ""A565V2)"", ""A566T"", ""E631Q"", ""R695H"", ""D697G"", ""N717D"", ""S728G"", ""S749A"", ""G773D""]";;Pseudomonas aeruginosa
GCF_000006765.1;2097491;2099452;PA1922;cirA;AR;CR;L24M , L25F , D35E , A61D , A61T , A61V , A62V , V159L , T171M , H190Q , L192F , G233V , D236N , D247G , A249V , H292Y ,  V339M , T365A , D368E , L378V , V419A , V445L , D458E , D472G , V484L , V496D , G506A , I508V , G525S , T541S , R548H , Q552K , P570L , V572A , S591N , G594D , S612N , N614S , P641L ;"[""L24M"", ""L25F"", ""D35E"", ""A61D"", ""A61T"", ""A61V"", ""A62V"", ""V159L"", ""T171M"", ""H190Q"", ""L192F"", ""G233V"", ""D236N"", ""D247G"", ""A249V"", ""H292Y"", ""V339M"", ""T365A"", ""D368E"", ""L378V"", ""V419A"", ""V445L"", ""D458E"", ""D472G"", ""V484L"", ""V496D"", ""G506A"", ""I508V"", ""G525S"", ""T541S"", ""R548H"", ""Q552K"", ""P570L"", ""V572A"", ""S591N"", ""G594D"", ""S612N"", ""N614S"", ""P641L""]";;Pseudomonas aeruginosa
GCF_000006765.1;2194058;2195410;PA2006;PA2006;AR;;11T , P80S , F85I , S113N , M115I , T150S , A162A , L188F , L206F , A213V , E220K , E232Q , L335F , F349S , A353S , I418F , A424G , A442T , V447I ;"[""11T"", ""P80S"", ""F85I"", ""S113N"", ""M115I"", ""T150S"", ""A162A"", ""L188F"", ""L206F"", ""A213V"", ""E220K"", ""E232Q"", ""L335F"", ""F349S"", ""A353S"", ""I418F"", ""A424G"", ""A442T"", ""V447I""]";;Pseudomonas aeruginosa
GCF_000006765.1;2208169;2211306;PA2018;mexY;AR;BASIC;F29S , E152D , E175Q, Y181D , Q282R , E421Q, D428N , A429T, A501V , A501T , I536V , T543A , G589A , R722S , T742I , R786H , L984F , Q840E , Q843P , L908H, V980I , P1032S , R1033L , G1035D , N1036T , Q1039R ;"[""F29S"", ""E152D"", ""E175Q"", ""Y181D"", ""Q282R"", ""E421Q"", ""D428N"", ""A429T"", ""A501V"", ""A501T"", ""I536V"", ""T543A"", ""G589A"", ""R722S"", ""T742I"", ""R786H"", ""L984F"", ""Q840E"", ""Q843P"", ""L908H"", ""V980I"", ""P1032S"", ""R1033L"", ""G1035D"", ""N1036T"", ""Q1039R""]";;Pseudomonas aeruginosa
GCF_000006765.1;2211322;2212512;PA2019;mexX;AR;BASIC;Q4H , L12P , L22M , A27T , A30T , A36T , V44I , A113T , H119Y , D135Y , R151H , R282C , V309I , S320A , K329Q , L331M , L331V , G344D , D346H , R351S , W358R , A375P , S382G , A383P , L389Q ;"[""Q4H"", ""L12P"", ""L22M"", ""A27T"", ""A30T"", ""A36T"", ""V44I"", ""A113T"", ""H119Y"", ""D135Y"", ""R151H"", ""R282C"", ""V309I"", ""S320A"", ""K329Q"", ""L331M"", ""L331V"", ""G344D"", ""D346H"", ""R351S"", ""W358R"", ""A375P"", ""S382G"", ""A383P"", ""L389Q""]";;Pseudomonas aeruginosa
GCF_000006765.1;2212677;2213309;PA2020;mexZ;AR;BASIC;A35V , S44F , D83E , G89S , L128M , K131R , L138R , L174Q , N186S , L196I , R200S ;"[""A35V"", ""S44F"", ""D83E"", ""G89S"", ""L128M"", ""K131R"", ""L138R"", ""L174Q"", ""N186S"", ""L196I"", ""R200S""]";;Pseudomonas aeruginosa
GCF_000006765.1;2215102;2215941;PA2023;galU;AR;BASIC;K236T ;"[""K236T""]";;Pseudomonas aeruginosa
GCF_000006765.1;2244492;2244998;PA2050;PA2050;AR;;C32S , D52N , E86D , E93D , P121S , V138M , C142G , E145G , C162Y ;"[""C32S"", ""D52N"", ""E86D"", ""E93D"", ""P121S"", ""V138M"", ""C142G"", ""E145G"", ""C162Y""]";;Pseudomonas aeruginosa
GCF_000006765.1;2251275;2253815;PA2057;sppR;AR;CR;N28S , V83I , D170E , L177M , A220T , G227S , D273E , V335M , D345N , R346H , V347I , R364H , A489V , A503V , T522S , S612A , A619T , D653A , A671T , N676S , K680R , I702T , Y709C , K727Q , L750V , E798D , R799H , D811N , E815G ;"[""N28S"", ""V83I"", ""D170E"", ""L177M"", ""A220T"", ""G227S"", ""D273E"", ""V335M"", ""D345N"", ""R346H"", ""V347I"", ""R364H"", ""A489V"", ""A503V"", ""T522S"", ""S612A"", ""A619T"", ""D653A"", ""A671T"", ""N676S"", ""K680R"", ""I702T"", ""Y709C"", ""K727Q"", ""L750V"", ""E798D"", ""R799H"", ""D811N"", ""E815G""]";;Pseudomonas aeruginosa
GCF_000006765.1;2272460;2274568;PA2071;fusA2;AR;;Q161L , S176A , A197D , G479S , E481D , Y577F , Q601H , A690S , G695A , V697I ;"[""Q161L"", ""S176A"", ""A197D"", ""G479S"", ""E481D"", ""Y577F"", ""Q601H"", ""A690S"", ""G695A"", ""V697I""]";;Pseudomonas aeruginosa
GCF_000006765.1;2448568;2449545;PA2227;vqsM;AR;;E31D , T58A , I62M , R86K , G100D , D123E , H159R , G160C , T164I , G168S ,N179S , I182M , A195V , T207N , D233E , K247N , R250C , A261V ;"[""E31D"", ""T58A"", ""I62M"", ""R86K"", ""G100D"", ""D123E"", ""H159R"", ""G160C"", ""T164I"", ""G168S"", ""N179S"", ""I182M"", ""A195V"", ""T207N"", ""D233E"", ""K247N"", ""R250C"", ""A261V""]";;Pseudomonas aeruginosa
GCF_000006765.1;2501720;2503417;PA2272;PBP3a;AR;;P54S , R82K , A86T , A86D , A102T , A104T , A104P , I143L , A258T , M336I , I447V , V466I ;"[""P54S"", ""R82K"", ""A86T"", ""A86D"", ""A102T"", ""A104T"", ""A104P"", ""I143L"", ""A258T"", ""M336I"", ""I447V"", ""V466I""]";;Pseudomonas aeruginosa
GCF_000006765.1;2503425;2503895;PA2273;soxR;AR;;S85G , S85T , E140D ;"[""S85G"", ""S85T"", ""E140D""]";;Pseudomonas aeruginosa
GCF_000006765.1;2636517;2638805;PA2385;pvdQ;AR;CR;M18T , P20T , P28L , T38S , E71D , A104T , E110D , P152S , R167L , A186V , A190T , Q199R , A200T , Q202L , R208G , D229N , T254I , V271L , H279Y , P304A , P304S , V335F , S359N , R392W , R393S , E410K , A414V , Q419L , A434V , Q437K , A440V , R457S , A469S , R478K , P549S , K562N , A572V , E598Q , P606T , R623Q , T628A , V683I , E705K , T741I , R747G , R747S , S759N , R761S ;"[""M18T"", ""P20T"", ""P28L"", ""T38S"", ""E71D"", ""A104T"", ""E110D"", ""P152S"", ""R167L"", ""A186V"", ""A190T"", ""Q199R"", ""A200T"", ""Q202L"", ""R208G"", ""D229N"", ""T254I"", ""V271L"", ""H279Y"", ""P304A"", ""P304S"", ""V335F"", ""S359N"", ""R392W"", ""R393S"", ""E410K"", ""A414V"", ""Q419L"", ""A434V"", ""Q437K"", ""A440V"", ""R457S"", ""A469S"", ""R478K"", ""P549S"", ""K562N"", ""A572V"", ""E598Q"", ""P606T"", ""R623Q"", ""T628A"", ""V683I"", ""E705K"", ""T741I"", ""R747G"", ""R747S"", ""S759N"", ""R761S""]";;Pseudomonas aeruginosa
GCF_000006765.1;2640392;2640871;PA2387;fpvI;AR;;A26V, T88A, A102V;"[""A26V"", ""T88A"", ""A102V""]";;Pseudomonas aeruginosa
GCF_000006765.1;2641035;2642030;PA2388;fpvR;AR;;F28L, A58S, H74R, A76T, P79L, L80F, G81S, A94T, A95T, N117S, A130V, I154T, D304E, E318D;"[""F28L"", ""A58S"", ""H74R"", ""A76T"", ""P79L"", ""L80F"", ""G81S"", ""A94T"", ""A95T"", ""N117S"", ""A130V"", ""I154T"", ""D304E"", ""E318D""]";;Pseudomonas aeruginosa
GCF_000006765.1;2642131;2643306;PA2389;pvdR;AR;;N34S, N35S, G276D, G349D;"[""N34S"", ""N35S"", ""G276D"", ""G349D""]";;Pseudomonas aeruginosa
GCF_000006765.1;2643306;2645297;PA2390;pvdT;AR;;Q6H, Q6P, V8A, A49T, S50A, G76D, Q111L, I123T, E236A, H240Q, I286L, G377E;"[""Q6H"", ""Q6P"", ""V8A"", ""A49T"", ""S50A"", ""G76D"", ""Q111L"", ""I123T"", ""E236A"", ""H240Q"", ""I286L"", ""G377E""]";;Pseudomonas aeruginosa
GCF_000006765.1;2645303;2646727;PA2391;opmQ;AR;CR;N5K , S33R , S33T , S33P, G41E , D47E , D113G , G134S , Q148R , A160S , A277T , S285G , A300S , K314R , D358E , E429D , Q468P ;"[""N5K"", ""S33R"", ""S33T"", ""S33P"", ""G41E"", ""D47E"", ""D113G"", ""G134S"", ""Q148R"", ""A160S"", ""A277T"", ""S285G"", ""A300S"", ""K314R"", ""D358E"", ""E429D"", ""Q468P""]";;Pseudomonas aeruginosa
GCF_000006765.1;2646776;2648410;PA2392;pvdP;AR;CR;R65G , R103C , A107V , A356T , Q517R ;"[""R65G"", ""R103C"", ""A107V"", ""A356T"", ""Q517R""]";;Pseudomonas aeruginosa
GCF_000006765.1;2649995;2651278;PA2394;pvdN;AR;CR;A11V , L21F , A24S , V32A , A36V , A110D , Q165R , A180V , E322K , Q326H , A341T , G348S , G348D , S360N , E373K , A379T , D395N , A413E ;"[""A11V"", ""L21F"", ""A24S"", ""V32A"", ""A36V"", ""A110D"", ""Q165R"", ""A180V"", ""E322K"", ""Q326H"", ""A341T"", ""G348S"", ""G348D"", ""S360N"", ""E373K"", ""A379T"", ""D395N"", ""A413E""]";;Pseudomonas aeruginosa
GCF_000006765.1;2655187;2657634;PA2398;fpvA;AR;;I24M, V46I, P437A, T517A, T582I;"[""I24M"", ""V46I"", ""P437A"", ""T517A"", ""T582I""]";;Pseudomonas aeruginosa
GCF_000006765.1;2722175;2722738;PA2426;pvdS;AR;CR;V42M , R72L , A75T , G95D , A103S , T155I , V157A , A164T ;"[""V42M"", ""R72L"", ""A75T"", ""G95D"", ""A103S"", ""T155I"", ""V157A"", ""A164T""]";;Pseudomonas aeruginosa
GCF_000006765.1;2805021;2805836;PA2489;PA2489;AR;;P7L , R12L , aa17insQ , H17Y , Y40D , R59H , L90F , A121T , A125T , P136R , L146R , V153E , V167A , G185S , A190V , R214H , A224V , A244T , P260S , ;"[""P7L"", ""R12L"", ""aa17insQ"", ""H17Y"", ""Y40D"", ""R59H"", ""L90F"", ""A121T"", ""A125T"", ""P136R"", ""L146R"", ""V153E"", ""V167A"", ""G185S"", ""A190V"", ""R214H"", ""A224V"", ""A244T"", ""P260S""]";;Pseudomonas aeruginosa
GCF_000006765.1;2805917;2806291;PA2490;ydbB;AR;;A16S , R25K , T48S , A60S , V72M , H73D , P83R  aa92insEG , R104C  ;"[""A16S"", ""R25K"", ""T48S"", ""A60S"", ""V72M"", ""H73D"", ""P83Raa92insEG"", ""R104C""]";;Pseudomonas aeruginosa
GCF_000006765.1;2806350;2807369;PA2491;mexS;AR;BASIC;K17T , V73A , A75V , R108C , A175V , E181D , L186F , G212D , D249N , S289T , V318I ;"[""K17T"", ""V73A"", ""A75V"", ""R108C"", ""A175V"", ""E181D"", ""L186F"", ""G212D"", ""D249N"", ""S289T"", ""V318I""]";;Pseudomonas aeruginosa
GCF_000006765.1;2807469;2808512;PA2492;mexT;AR;BASIC;M7V , E26G , P60S , F172I , A299T ;"[""M7V"", ""E26G"", ""P60S"", ""F172I"", ""A299T""]";;Pseudomonas aeruginosa
GCF_000006765.1;2808743;2809987;PA2493;mexE;AR;BASIC;E2V , S8F , S22G , A27V , A79G , A231T , T285I , D353E , Q368R , D370E , A383G , P397Q , S403T , A407V ;"[""E2V"", ""S8F"", ""S22G"", ""A27V"", ""A79G"", ""A231T"", ""T285I"", ""D353E"", ""Q368R"", ""D370E"", ""A383G"", ""P397Q"", ""S403T"", ""A407V""]";;Pseudomonas aeruginosa
GCF_000006765.1;2810009;2813197;PA2494;mexF;AR;BASIC;D230A , F509V , A598E , D666E , Q788R , A843T ;"[""D230A"", ""F509V"", ""A598E"", ""D666E"", ""Q788R"", ""A843T""]";;Pseudomonas aeruginosa
GCF_000006765.1;2813194;2814612;PA2495;oprN;AR;BASIC;A4T , S13P , L15V , G16S , T34P , T34S , A38T , S77N , A140T , R150H , T275S , A360T , A410S ;"[""A4T"", ""S13P"", ""L15V"", ""G16S"", ""T34P"", ""T34S"", ""A38T"", ""S77N"", ""A140T"", ""R150H"", ""T275S"", ""A360T"", ""A410S""]";;Pseudomonas aeruginosa
GCF_000006765.1;2842019;2843305;PA2522;czcC;AR;;A10T , K12T , C22Y , V34A , N54S , R71L , N93S , A224S , R225K , T251S , I300V , A323V  , A356V , M373T , A404V ;"[""A10T"", ""K12T"", ""C22Y"", ""V34A"", ""N54S"", ""R71L"", ""N93S"", ""A224S"", ""R225K"", ""T251S"", ""I300V"", ""A323V"", ""A356V"", ""M373T"", ""A404V""]";;Pseudomonas aeruginosa
GCF_000006765.1;2843818;2844492;PA2523;czcR;AR;;;[];;Pseudomonas aeruginosa
GCF_000006765.1;2844489;2845907;PA2524;czcS;AR;;G35S , R64S , R64H , P96L , A110T , A113V , A120S , R123S , S129G , L216I , G241A , G282S , A283T , S291Y , E297Q , V346I , R349C , N353S , H394Q , R424H , T426S , S468A , G470S , A472S , ;"[""G35S"", ""R64S"", ""R64H"", ""P96L"", ""A110T"", ""A113V"", ""A120S"", ""R123S"", ""S129G"", ""L216I"", ""G241A"", ""G282S"", ""A283T"", ""S291Y"", ""E297Q"", ""V346I"", ""R349C"", ""N353S"", ""H394Q"", ""R424H"", ""T426S"", ""S468A"", ""G470S"", ""A472S""]";;Pseudomonas aeruginosa
GCF_000006765.1;2846283;2847779;PA2525;opmB;AR;;A20S , A20T , A39T , N45S , G61R , V108A , V108L , G109D , T140N , aa144insY , T144S , S147G , Y222H , A224T , P275S , G409W , S417L , A446T , M471I , R482Q , P495S ;"[""A20S"", ""A20T"", ""A39T"", ""N45S"", ""G61R"", ""V108A"", ""V108L"", ""G109D"", ""T140N"", ""aa144insY"", ""T144S"", ""S147G"", ""Y222H"", ""A224T"", ""P275S"", ""G409W"", ""S417L"", ""A446T"", ""M471I"", ""R482Q"", ""P495S""]";;Pseudomonas aeruginosa
GCF_000006765.1;2847776;2850886;PA2526;muxC;AR;;V172I , K318R , V378A , V534A , I535L , E637D , H788R , L902F , R1015C ;"[""V172I"", ""K318R"", ""V378A"", ""V534A"", ""I535L"", ""E637D"", ""H788R"", ""L902F"", ""R1015C""]";;Pseudomonas aeruginosa
GCF_000006765.1;2850883;2854014;PA2527;muxB;AR;;A302T , T325I , I493V , D494E , K518E , K646N , E691G , A696S ;"[""A302T"", ""T325I"", ""I493V"", ""D494E"", ""K518E"", ""K646N"", ""E691G"", ""A696S""]";;Pseudomonas aeruginosa
GCF_000006765.1;2854011;2855291;PA2528;muxA;AR;;A37T , R45Q , A130V , K164R , I215V , V250L , K259Q , T261A , R297C , A355S , T358I , V365M  E403D ;"[""A37T"", ""R45Q"", ""A130V"", ""K164R"", ""I215V"", ""V250L"", ""K259Q"", ""T261A"", ""R297C"", ""A355S"", ""T358I"", ""V365ME403D""]";;Pseudomonas aeruginosa
GCF_000006765.1;2907656;2908999;PA2572;-;AR;;P58A ;"[""P58A""]";;Pseudomonas aeruginosa
GCF_000006765.1;2909010;2910617;PA2573;-;AR;;S37T ;"[""S37T""]";;Pseudomonas aeruginosa
GCF_000006765.1;2956805;2959240;PA2615;ftsK;AR;;L39F , S52P , S287P , G729S  ;"[""L39F"", ""S52P"", ""S287P"", ""G729S""]";;Pseudomonas aeruginosa
GCF_000006765.1;2964607;2964843;PA2621;clpS;AR;;;[];;Pseudomonas aeruginosa
GCF_000006765.1;2983963;2985744;PA2639;nuoD;MLST;MLST;;[];;Pseudomonas aeruginosa
GCF_000006765.1;2987721;2990438;PA2642;nuoG;AR;;G313S , A403V , S432N , A433T , S468A ,P474L , T484A , V495L , A489V , K518N , Q519L , G531S , A574T , K585R , R639K , D805E , V837I , A886S , A890T , G899S ;"[""G313S"", ""A403V"", ""S432N"", ""A433T"", ""S468A"", ""P474L"", ""T484A"", ""V495L"", ""A489V"", ""K518N"", ""Q519L"", ""G531S"", ""A574T"", ""K585R"", ""R639K"", ""D805E"", ""V837I"", ""A886S"", ""A890T"", ""G899S""]";;Pseudomonas aeruginosa
GCF_000006765.1;2996265;2997725;PA2649;nuoN;AR;;A27T , S83A , A168T , A263V , I476V ;"[""A27T"", ""S83A"", ""A168T"", ""A263V"", ""I476V""]";;Pseudomonas aeruginosa
GCF_000006765.1;3040242;3042482;PA2688;pfeA;AR;CR;A20T , G29A , G31V , L184I , N239I , R267H , V318A , S341N , D369N , G383S , S426T , D458N , V530M , D541N , V565I , V590M , G605S , L612F , K658Q , T672A , A685T , A701T , V720A ;"[""A20T"", ""G29A"", ""G31V"", ""L184I"", ""N239I"", ""R267H"", ""V318A"", ""S341N"", ""D369N"", ""G383S"", ""S426T"", ""D458N"", ""V530M"", ""D541N"", ""V565I"", ""V590M"", ""G605S"", ""L612F"", ""K658Q"", ""T672A"", ""A685T"", ""A701T"", ""V720A""]";;Pseudomonas aeruginosa
GCF_000006765.1;3154593;3155075;PA2797;PA2797;AR;;V20I , S56G , V127M , K131R ;"[""V20I"", ""S56G"", ""V127M"", ""K131R""]";;Pseudomonas aeruginosa
GCF_000006765.1;3155072;3156256;PA2798;PA2798;AR;;K31R , S280C , E297D , G301S , T317S , S353L ;"[""K31R"", ""S280C"", ""E297D"", ""G301S"", ""T317S"", ""S353L""]";;Pseudomonas aeruginosa
GCF_000006765.1;3162705;3163385;PA2809;copR;AR;;A26T , G43S , V73I ;"[""A26T"", ""G43S"", ""V73I""]";;Pseudomonas aeruginosa
GCF_000006765.1;3163382;3164713;PA2810;copS;AR;;A3G , F34S , M48L , N97S , N97D , A127T , R130Q , S199G , L258R , A277T , A304T , R320H , E327Q , P333L , D356G , P376S , D429E , R443P ;"[""A3G"", ""F34S"", ""M48L"", ""N97S"", ""N97D"", ""A127T"", ""R130Q"", ""S199G"", ""L258R"", ""A277T"", ""A304T"", ""R320H"", ""E327Q"", ""P333L"", ""D356G"", ""P376S"", ""D429E"", ""R443P""]";;Pseudomonas aeruginosa
GCF_000006765.1;3182986;3183861;PA2830;htpX;AR;;H228Q , G247S ;"[""H228Q"", ""G247S""]";;Pseudomonas aeruginosa
GCF_000006765.1;3360875;3364321;PA3002;mfd;HYP;;L6I , S12T , A46T , K135Q , A249T , I257V , P322A , V347I , P353L , N359D , A366T , A372T , I377V , A391P , Q421K , H439Q , A501V , A536T , Q561H , T593S , S608G , N796S , V813A , V867A  , L1099R ;"[""L6I"", ""S12T"", ""A46T"", ""K135Q"", ""A249T"", ""I257V"", ""P322A"", ""V347I"", ""P353L"", ""N359D"", ""A366T"", ""A372T"", ""I377V"", ""A391P"", ""Q421K"", ""H439Q"", ""A501V"", ""A536T"", ""Q561H"", ""T593S"", ""S608G"", ""N796S"", ""V813A"", ""V867A"", ""L1099R""]";;Pseudomonas aeruginosa
GCF_000006765.1;3365756;3366754;PA3005;nagZ;AR;;A41T , N89I , A107S , A140T , G145A , A181E , S183N , R189C , D277A ;"[""A41T"", ""N89I"", ""A107S"", ""A140T"", ""G145A"", ""A181E"", ""S183N"", ""R189C"", ""D277A""]";;Pseudomonas aeruginosa
GCF_000006765.1;3373254;3374429;PA3013;foaB;AR;;E225Q , I391V  ;"[""E225Q"", ""I391V""]";;Pseudomonas aeruginosa
GCF_000006765.1;3374460;3376607;PA3014;faoA;AR;;S52L , K54N , K315Q , T385A , V397I , N404I , P614S , V617I ;"[""S52L"", ""K54N"", ""K315Q"", ""T385A"", ""V397I"", ""N404I"", ""P614S"", ""V617I""]";;Pseudomonas aeruginosa
GCF_000006765.1;3410264;3411694;PA3047;dacB ;AR;BASIC;M85V , Q156H , A358V , A394P , A474T ;"[""M85V"", ""Q156H"", ""A358V"", ""A394P"", ""A474T""]";;Pseudomonas aeruginosa
GCF_000006765.1;3414701;3415729;PA3050;pyrD;AR;;K40E , R96K , I156T , E194D , E201D , A204T , D223E , T226I , G249S , L256M , H258N , L257Q , G286S , A301V , F320Y ;"[""K40E"", ""R96K"", ""I156T"", ""E194D"", ""E201D"", ""A204T"", ""D223E"", ""T226I"", ""G249S"", ""L256M"", ""H258N"", ""L257Q"", ""G286S"", ""A301V"", ""F320Y""]";;Pseudomonas aeruginosa
GCF_000006765.1;3450838;3451509;PA3077;cprR;AR;;Q63H , L151M , E183D ;"[""Q63H"", ""L151M"", ""E183D""]";;Pseudomonas aeruginosa
GCF_000006765.1;3451506;3452801;PA3078;cprS;AR;;"T16S , A20V , D32N , D60N , G73S , A78T , A78V , E111D , D131N , V159I , A175V , N211H , A202V , D220E , G282A ; R301H , R310H , E314Q , T329S , H331Y , E386D , L411M  ";"[""T16S"", ""A20V"", ""D32N"", ""D60N"", ""G73S"", ""A78T"", ""A78V"", ""E111D"", ""D131N"", ""V159I"", ""A175V"", ""N211H"", ""A202V"", ""D220E"", ""G282A;R301H"", ""R310H"", ""E314Q"", ""T329S"", ""H331Y"", ""E386D"", ""L411M""]";;Pseudomonas aeruginosa
GCF_000006765.1;3524681;3526678;PA3141;capD;AR;;L2F, N4K, L5V, I7M, K8R, L12M, V22I, A23I, T27I, S51G , V113A , V113L , L135M , A165V G298S , S324G , V370M , V467M , H508P , A626V , D631N ;"[""L2F"", ""N4K"", ""L5V"", ""I7M"", ""K8R"", ""L12M"", ""V22I"", ""A23I"", ""T27I"", ""S51G"", ""V113A"", ""V113L"", ""L135M"", ""A165VG298S"", ""S324G"", ""V370M"", ""V467M"", ""H508P"", ""A626V"", ""D631N""]";;Pseudomonas aeruginosa
GCF_000006765.1;3556427;3559198;PA3168;gyrA;AR;BASIC;D652Y , T847A , G889R , G897D , S912A , aa911∆2 ;"[""D652Y"", ""T847A"", ""G889R"", ""G897D"", ""S912A"", ""aa911∆2""]";;Pseudomonas aeruginosa
GCF_000006765.1;3562801;3563481;PA3172;mupP;AR;;P38Q ;"[""P38Q""]";;Pseudomonas aeruginosa
GCF_000006765.1;3594581;3595258;PA3204;cpxR;AR;BASIC;;[];;Pseudomonas aeruginosa
GCF_000006765.1;3595387;3595827;PA3205;-;AR;;D53N, A72T;"[""D53N"", ""A72T""]";;Pseudomonas aeruginosa
GCF_000006765.1;3595942;3597279;PA3206;cpxS;AR;BASIC;Y60F  ;"[""Y60F""]";;Pseudomonas aeruginosa
GCF_000006765.1;3938020;3939495;PA3521;opmE;AR;;P3R , I13V , aa20Δ1  , M39I , A41V , G45D , S46G , E49D , I50N , I50V , P59S , A60D , A71V , G79N , P102S , T171A , S175T , Q180L ,A240T , A263V , T269A , A279S , A279G , A296V , Q312L , V338L , A346V , W354R , A355V , A358T , A362V , A364V , Q365R , D394V , E429A , R470W , D477N , R487P ;"[""P3R"", ""I13V"", ""aa20Δ1"", ""M39I"", ""A41V"", ""G45D"", ""S46G"", ""E49D"", ""I50N"", ""I50V"", ""P59S"", ""A60D"", ""A71V"", ""G79N"", ""P102S"", ""T171A"", ""S175T"", ""Q180L"", ""A240T"", ""A263V"", ""T269A"", ""A279S"", ""A279G"", ""A296V"", ""Q312L"", ""V338L"", ""A346V"", ""W354R"", ""A355V"", ""A358T"", ""A362V"", ""A364V"", ""Q365R"", ""D394V"", ""E429A"", ""R470W"", ""D477N"", ""R487P""]";;Pseudomonas aeruginosa
GCF_000006765.1;3939492;3942653;PA3522;mexQ;AR;;D9A , E75D , T229N , R263H , I294V , T311I , L359V , V384I , P428S , I455V , G505D , A508G , V517L , P521L , L544M , D590E , D602E , T640I , G645A , R656K , A692V , A696S , T719I , D722E , G741S , V836I , A843V , M857I , V921M , A961T , V966L , R1036H , R1039P , G1042S , H1047Y ,;"[""D9A"", ""E75D"", ""T229N"", ""R263H"", ""I294V"", ""T311I"", ""L359V"", ""V384I"", ""P428S"", ""I455V"", ""G505D"", ""A508G"", ""V517L"", ""P521L"", ""L544M"", ""D590E"", ""D602E"", ""T640I"", ""G645A"", ""R656K"", ""A692V"", ""A696S"", ""T719I"", ""D722E"", ""G741S"", ""V836I"", ""A843V"", ""M857I"", ""V921M"", ""A961T"", ""V966L"", ""R1036H"", ""R1039P"", ""G1042S"", ""H1047Y""]";;Pseudomonas aeruginosa
GCF_000006765.1;3942650;3943807;PA3523;mexP;AR;;A31T ,  A33T , A59P , A62H , A112T , N148T , N194S ,  N194H ,  A198V ,  A259T , R296H , A297E ,  R366L ;"[""A31T"", ""A33T"", ""A59P"", ""A62H"", ""A112T"", ""N148T"", ""N194S"", ""N194H"", ""A198V"", ""A259T"", ""R296H"", ""A297E"", ""R366L""]";;Pseudomonas aeruginosa
GCF_000006765.1;3952061;3952387;PA3533;grxD;AR;;K92R ;"[""K92R""]";;Pseudomonas aeruginosa
GCF_000006765.1;4006510;4007148;PA3574;nalD;AR;BASIC;N130S , D187H , G206S ;"[""N130S"", ""D187H"", ""G206S""]";;Pseudomonas aeruginosa
GCF_000006765.1;4036265;4037875;PA3602;yerD;AR;;T19A , L21V , I51T , A95T , A269S  V280I , R456H , G513S , ;"[""T19A"", ""L21V"", ""I51T"", ""A95T"", ""A269SV280I"", ""R456H"", ""G513S""]";;Pseudomonas aeruginosa
GCF_000006765.1;4054525;4057092;PA3620;mutS;HYP;;R125H , A187S , A187V , S281G , E532D , H537D , L538I , T626I , A739T , A781T ;"[""R125H"", ""A187S"", ""A187V"", ""S281G"", ""E532D"", ""H537D"", ""L538I"", ""T626I"", ""A739T"", ""A781T""]";;Pseudomonas aeruginosa
GCF_000006765.1;4116188;4119265;PA3676;mexK;AR;;I21L , P54S , G279D , A288S , K300R , T304A , T430S , K489R , Q500E , A515T , K532N , K690T , K694R , V714M  E765A , E837A , R1017H , R1024P ;"[""I21L"", ""P54S"", ""G279D"", ""A288S"", ""K300R"", ""T304A"", ""T430S"", ""K489R"", ""Q500E"", ""A515T"", ""K532N"", ""K690T"", ""K694R"", ""V714ME765A"", ""E837A"", ""R1017H"", ""R1024P""]";;Pseudomonas aeruginosa
GCF_000006765.1;4119270;4120373;PA3677;mexJ;AR;;F13L , L18F , L18I , A19S , Q38K , Q40L , E147D , H212R , A255T , A277S , A279T , A314P ;"[""F13L"", ""L18F"", ""L18I"", ""A19S"", ""Q38K"", ""Q40L"", ""E147D"", ""H212R"", ""A255T"", ""A277S"", ""A279T"", ""A314P""]";;Pseudomonas aeruginosa
GCF_000006765.1;4120469;4121107;PA3678;mexL;AR;;S4P , S6P , R28L , A79T , L95Q , Q138R , H163R , A210V  ;"[""S4P"", ""S6P"", ""R28L"", ""A79T"", ""L95Q"", ""Q138R"", ""H163R"", ""A210V""]";;Pseudomonas aeruginosa
GCF_000006765.1;4165719;4165880;PA3719;armR;AR;;T5A , P10T , T13I , S21T , G23E , Y32C;"[""T5A"", ""P10T"", ""T13I"", ""S21T"", ""G23E"", ""Y32C""]";;Pseudomonas aeruginosa
GCF_000006765.1;4166518;4167159;PA3721;nalC;AR;BASIC;G71E , D79E , A145V , E153Q , Q182K , A186T , L206V , S209R , P210L ;"[""G71E"", ""D79E"", ""A145V"", ""E153Q"", ""Q182K"", ""A186T"", ""L206V"", ""S209R"", ""P210L""]";;Pseudomonas aeruginosa
GCF_000006765.1;4225660;4227237;PA3769;guaA;MLST;MLST;;[];;Pseudomonas aeruginosa
GCF_000006765.1;4274502;4275317;PA3818;suhB;AR;;V52I ;"[""V52I""]";;Pseudomonas aeruginosa
GCF_000006765.1;4367283;4367792;PA3899;fecI;AR;CR;N36S , R52C , A55P , A55V , T66I , S91C , V111L , E112G , R115H , L117V , T143A , L145M , L168R , L168Q ;"[""N36S"", ""R52C"", ""A55P"", ""A55V"", ""T66I"", ""S91C"", ""V111L"", ""E112G"", ""R115H"", ""L117V"", ""T143A"", ""L145M"", ""L168R"", ""L168Q""]";;Pseudomonas aeruginosa
GCF_000006765.1;4367789;4368742;PA3900;fecR;AR;;A5T, G26S, G27S, R32C, Q38E, R39C, R39H, R52S, V57I, R60H, G65S, I73V, H77R, G96S, G100S, S106R, V118I, G163S, H164Q, V181L, G192E, H199R, R208H, R219Q, A230V, P265L, D271V, T294A, V306I;"[""A5T"", ""G26S"", ""G27S"", ""R32C"", ""Q38E"", ""R39C"", ""R39H"", ""R52S"", ""V57I"", ""R60H"", ""G65S"", ""I73V"", ""H77R"", ""G96S"", ""G100S"", ""S106R"", ""V118I"", ""G163S"", ""H164Q"", ""V181L"", ""G192E"", ""H199R"", ""R208H"", ""R219Q"", ""A230V"", ""P265L"", ""D271V"", ""T294A"", ""V306I""]";;Pseudomonas aeruginosa
GCF_000006765.1;4368837;4371191;PA3901;fecA;AR;;S2P, S2F, A27T, A30G, V95A, G96D, R104H, D106E, A113V, A120T, N121S, Q123P, A161S, A298T, A298V, T339A, G358S, T359A, H363R, I494L, I541T, R571H, R571Q, V649I, A683T, A714V;"[""S2P"", ""S2F"", ""A27T"", ""A30G"", ""V95A"", ""G96D"", ""R104H"", ""D106E"", ""A113V"", ""A120T"", ""N121S"", ""Q123P"", ""A161S"", ""A298T"", ""A298V"", ""T339A"", ""G358S"", ""T359A"", ""H363R"", ""I494L"", ""I541T"", ""R571H"", ""R571Q"", ""V649I"", ""A683T"", ""A714V""]";;Pseudomonas aeruginosa
GCF_000006765.1;4472131;4473477;PA3992;sltB3;AR;;V35G, T37I ;"[""V35G"", ""T37I""]";;Pseudomonas aeruginosa
GCF_000006765.1;4478979;4480139;PA3999;PBP5/6;AR;BASIC;V29I , V50I , T286S , A363G ;"[""V29I"", ""V50I"", ""T286S"", ""A363G""]";;Pseudomonas aeruginosa
GCF_000006765.1;4481230;4482252;PA4001;sltB1;AR;;S101R , S232N , S258N , D287E , K289R ;"[""S101R"", ""S232N"", ""S258N"", ""D287E"", ""K289R""]";;Pseudomonas aeruginosa
GCF_000006765.1;4483396;4485336;PA4003;PBP2;AR;BASIC;;[];;Pseudomonas aeruginosa
GCF_000006765.1;4480205;4481233;PA4000;rplA;AR;;aa220∆1 ;"[""aa220∆1""]";;Pseudomonas aeruginosa
GCF_000006765.1;4498488;4499843;PA4020;mpl;AR;BASIC;V124I , A286V , M297L , M297V , A303V , S306R , R322Q , D351G , V358I , D411A , X452ext ;"[""V124I"", ""A286V"", ""M297L"", ""M297V"", ""A303V"", ""S306R"", ""R322Q"", ""D351G"", ""V358I"", ""D411A"", ""X452ext""]";;Pseudomonas aeruginosa
GCF_000006765.1;4546668;4547552;PA4069;pa4069;AR;;S166G , Q170H , A223V , T234I ;"[""S166G"", ""Q170H"", ""A223V"", ""T234I""]";;Pseudomonas aeruginosa
GCF_000006765.1;4592990;4593880;PA4109;ampR;AR;BASIC;A10S , A51T , M61L , L113Q , E114A , A175T , S179T , H209Y , G231S , R244W , I251V , G283E , M288R ;"[""A10S"", ""A51T"", ""M61L"", ""L113Q"", ""E114A"", ""A175T"", ""S179T"", ""H209Y"", ""G231S"", ""R244W"", ""I251V"", ""G283E"", ""M288R""]";;Pseudomonas aeruginosa
GCF_000006765.1;4594029;4595222;PA4110;ampC;AR;BASIC;R5G , P7S , F19L , T21A , P23S , G27D , A36T , A55T , R79Q , A97V , T105A ,Q117E , Q117L , G129S , Q155R , A156V , A170T , S173R , L176R , E198K , L200I , V205L , G229S , R235H , S254N , R273K , P274L , P274T , R284H , V356I , I365V , G391A , G391P ;"[""R5G"", ""P7S"", ""F19L"", ""T21A"", ""P23S"", ""G27D"", ""A36T"", ""A55T"", ""R79Q"", ""A97V"", ""T105A"", ""Q117E"", ""Q117L"", ""G129S"", ""Q155R"", ""A156V"", ""A170T"", ""S173R"", ""L176R"", ""E198K"", ""L200I"", ""V205L"", ""G229S"", ""R235H"", ""S254N"", ""R273K"", ""P274L"", ""P274T"", ""R284H"", ""V356I"", ""I365V"", ""G391A"", ""G391P""]";;Pseudomonas aeruginosa
GCF_000006765.1;4607578;4608384;PA4119;aph;AR;;aa10Δ1 ,P10L , P13R , S14A , A17D , A21V , Q28E ,R29C , A42V , A43E , Q52K , A57V , V98M , D101N , A107V , R109C , E110D , E115G , A123V , V153A , V153G , D162G , T173S , P184L , D188N , A239P , A240T , E243A  ;"[""aa10Δ1"", ""P10L"", ""P13R"", ""S14A"", ""A17D"", ""A21V"", ""Q28E"", ""R29C"", ""A42V"", ""A43E"", ""Q52K"", ""A57V"", ""V98M"", ""D101N"", ""A107V"", ""R109C"", ""E110D"", ""E115G"", ""A123V"", ""V153A"", ""V153G"", ""D162G"", ""T173S"", ""P184L"", ""D188N"", ""A239P"", ""A240T"", ""E243A""]";;Pseudomonas aeruginosa
GCF_000006765.1;4656387;4657418;PA4161;fepG;AR;CR;A6V , Q9L , G10D , A23T , I30V , A33T , V51M , P62S , P62T , C80S , A138T , A211S , L254M , M259T , R286H , V290M ;"[""A6V"", ""Q9L"", ""G10D"", ""A23T"", ""I30V"", ""A33T"", ""V51M"", ""P62S"", ""P62T"", ""C80S"", ""A138T"", ""A211S"", ""L254M"", ""M259T"", ""R286H"", ""V290M""]";;Pseudomonas aeruginosa
GCF_000006765.1;4671319;4672707;PA4175;piv;AR;CR;A22V , L23S , V35I , I57T , R70H , A73V , T102A , H137R , V166L , A228T , S253N , A255V , T303N , A358S , G418S ;"[""A22V"", ""L23S"", ""V35I"", ""I57T"", ""R70H"", ""A73V"", ""T102A"", ""H137R"", ""V166L"", ""A228T"", ""S253N"", ""A255V"", ""T303N"", ""A358S"", ""G418S""]";;Pseudomonas aeruginosa
GCF_000006765.1;4705956;4706402;PA4205;mexG;AR;;A23V , I57S , A58T , S99N , M109I , V139I , V141M , A143T  ;"[""A23V"", ""I57S"", ""A58T"", ""S99N"", ""M109I"", ""V139I"", ""V141M"", ""A143T""]";;Pseudomonas aeruginosa
GCF_000006765.1;4706410;4707522;PA4206;mexH;AR;;I13F , A123S , A123T , R166S , L173P , A187T , P218T , V223I , A302E , A321E , A349T , A361V  ;"[""I13F"", ""A123S"", ""A123T"", ""R166S"", ""L173P"", ""A187T"", ""P218T"", ""V223I"", ""A302E"", ""A321E"", ""A349T"", ""A361V""]";;Pseudomonas aeruginosa
GCF_000006765.1;4707535;4710624;PA4207;mexI;AR;;A68T , T83A , K146E , T260S , G249S , A564T , I720V , D752E , A782E , D820E , A1029V  ;"[""A68T"", ""T83A"", ""K146E"", ""T260S"", ""G249S"", ""A564T"", ""I720V"", ""D752E"", ""A782E"", ""D820E"", ""A1029V""]";;Pseudomonas aeruginosa
GCF_000006765.1;4710621;4712084;PA4208;opmD;AR;;R10C , P37L , R39H , H44Y , L45I , G46D , V70I , A85T , S112N , D154E , L157V , A160T , D177H , D222E , S246G , V253A , G269S , G269A , A270G , L274F , A275T , A340S , L381R , A402S , V454I , D469N , A471E , T482S , A483V , N486S  ;"[""R10C"", ""P37L"", ""R39H"", ""H44Y"", ""L45I"", ""G46D"", ""V70I"", ""A85T"", ""S112N"", ""D154E"", ""L157V"", ""A160T"", ""D177H"", ""D222E"", ""S246G"", ""V253A"", ""G269S"", ""G269A"", ""A270G"", ""L274F"", ""A275T"", ""A340S"", ""L381R"", ""A402S"", ""V454I"", ""D469N"", ""A471E"", ""T482S"", ""A483V"", ""N486S""]";;Pseudomonas aeruginosa
GCF_000006765.1;4721614;4722858;PA4218;ampP;AR;;"P42A , L74F , M87I , A90T , L98F , G106C , A118S , T172A , M177V , H197Q , L199R ; A202V , A202T , A204T , L267F  , S385T  ";"[""P42A"", ""L74F"", ""M87I"", ""A90T"", ""L98F"", ""G106C"", ""A118S"", ""T172A"", ""M177V"", ""H197Q"", ""L199R;A202V"", ""A202T"", ""A204T"", ""L267F"", ""S385T""]";;Pseudomonas aeruginosa
GCF_000006765.1;4724639;4726801;PA4221;fptA;AR;CR;aa39insVA , T61N , A102V , A138T , T191A , D288G , D292N , D342E , M352T , R363S , N370K , V373L , Q395R , R399P , T452I , Q476R , R489T , H557N , P558S ;"[""aa39insVA"", ""T61N"", ""A102V"", ""A138T"", ""T191A"", ""D288G"", ""D292N"", ""D342E"", ""M352T"", ""R363S"", ""N370K"", ""V373L"", ""Q395R"", ""R399P"", ""T452I"", ""Q476R"", ""R489T"", ""H557N"", ""P558S""]";;Pseudomonas aeruginosa
GCF_000006765.1;4731369;4736798;PA4225;pchF;AR;CR;M64L , A103V , A108V , D170G , C173S , R190Q , A192D , D255A , V274A , R289G , A297T , D362G , R431C , V462I , E469G , G481E , L482Q , Q488K , D495Y , D495N , G496S , D497E , G511S , T527S , A532V , S550T , V579I , V625A , A636V , A640D , P644A , P645S , P645H , S678G , A717V , A717T , R741S , P772L , A843T , P850L , D899G , P959L , V960A , R967C , A972T , V973A , L981F , S987C , G1014S , L1024F , C1028Y , R1046C , aa1056InsEG , S1071R , T1174A , A1187V , A1187T , E1188K , R1291C , R1291S , A1346T , R1375C , Q1395R , N1414S, S1428L , E1457D , E1489D , L1496Q , A1498T , A1499S , V1502I , P1506Q , A1507T , M1509V , A1554G , P1560S , H1579Y , A1591V , R1594G , V1620I , V1620L , R1622C , Q1628H , L1655F , R1669C , Q1672L , Q1672H , A1673V , A1679V , E1683K , V1686G , E1688K , A1689V , G1692E , L1696V , V1717A , E1738A , P1740L , R1761C , A1763T , E1767K , C1778G , L1795M , S1798F , E1805K , R1809Q ;"[""M64L"", ""A103V"", ""A108V"", ""D170G"", ""C173S"", ""R190Q"", ""A192D"", ""D255A"", ""V274A"", ""R289G"", ""A297T"", ""D362G"", ""R431C"", ""V462I"", ""E469G"", ""G481E"", ""L482Q"", ""Q488K"", ""D495Y"", ""D495N"", ""G496S"", ""D497E"", ""G511S"", ""T527S"", ""A532V"", ""S550T"", ""V579I"", ""V625A"", ""A636V"", ""A640D"", ""P644A"", ""P645S"", ""P645H"", ""S678G"", ""A717V"", ""A717T"", ""R741S"", ""P772L"", ""A843T"", ""P850L"", ""D899G"", ""P959L"", ""V960A"", ""R967C"", ""A972T"", ""V973A"", ""L981F"", ""S987C"", ""G1014S"", ""L1024F"", ""C1028Y"", ""R1046C"", ""aa1056InsEG"", ""S1071R"", ""T1174A"", ""A1187V"", ""A1187T"", ""E1188K"", ""R1291C"", ""R1291S"", ""A1346T"", ""R1375C"", ""Q1395R"", ""N1414S"", ""S1428L"", ""E1457D"", ""E1489D"", ""L1496Q"", ""A1498T"", ""A1499S"", ""V1502I"", ""P1506Q"", ""A1507T"", ""M1509V"", ""A1554G"", ""P1560S"", ""H1579Y"", ""A1591V"", ""R1594G"", ""V1620I"", ""V1620L"", ""R1622C"", ""Q1628H"", ""L1655F"", ""R1669C"", ""Q1672L"", ""Q1672H"", ""A1673V"", ""A1679V"", ""E1683K"", ""V1686G"", ""E1688K"", ""A1689V"", ""G1692E"", ""L1696V"", ""V1717A"", ""E1738A"", ""P1740L"", ""R1761C"", ""A1763T"", ""E1767K"", ""C1778G"", ""L1795M"", ""S1798F"", ""E1805K"", ""R1809Q""]";;Pseudomonas aeruginosa
GCF_000006765.1;4736795;4741111;PA4226;pchE;AR;CR;P4H , A69T , A76G , A82T , T92A , T97A , A98V , D100A , T137A , V140I , A149T , L164F , S177P , L181M , D228E , A274V , H275R , Y290H , R297C , A307D , T318P , S326C , R331W , A351T , S362T , G417R , Q436R , P439S , T508I , A524T , G526E , T552M , Q578R , A641T , E648D , A682V , V684A , L686Q , A712V , N728D , S730A , H779Y , S806R , S806C , E831G , D854Y , P857Q , S862A , P868A , T879A , G881R , G902S , A918T , Q919L , G933D , G933V , D934G , V959M , A967V , A967T , A975V , R991H , A993V , D1001E , T1019I , S1055T , S1055P , A1068T , A1082T , A1097T , V1177A , P1187S , A1205T , E1207A , R1210C , V1229A , A1253T , S1257G , I1278L , P1286A , A1306T , H1344D , A1348V , V1401I , Q1411R , H1420Y , V1423A ;"[""P4H"", ""A69T"", ""A76G"", ""A82T"", ""T92A"", ""T97A"", ""A98V"", ""D100A"", ""T137A"", ""V140I"", ""A149T"", ""L164F"", ""S177P"", ""L181M"", ""D228E"", ""A274V"", ""H275R"", ""Y290H"", ""R297C"", ""A307D"", ""T318P"", ""S326C"", ""R331W"", ""A351T"", ""S362T"", ""G417R"", ""Q436R"", ""P439S"", ""T508I"", ""A524T"", ""G526E"", ""T552M"", ""Q578R"", ""A641T"", ""E648D"", ""A682V"", ""V684A"", ""L686Q"", ""A712V"", ""N728D"", ""S730A"", ""H779Y"", ""S806R"", ""S806C"", ""E831G"", ""D854Y"", ""P857Q"", ""S862A"", ""P868A"", ""T879A"", ""G881R"", ""G902S"", ""A918T"", ""Q919L"", ""G933D"", ""G933V"", ""D934G"", ""V959M"", ""A967V"", ""A967T"", ""A975V"", ""R991H"", ""A993V"", ""D1001E"", ""T1019I"", ""S1055T"", ""S1055P"", ""A1068T"", ""A1082T"", ""A1097T"", ""V1177A"", ""P1187S"", ""A1205T"", ""E1207A"", ""R1210C"", ""V1229A"", ""A1253T"", ""S1257G"", ""I1278L"", ""P1286A"", ""A1306T"", ""H1344D"", ""A1348V"", ""V1401I"", ""Q1411R"", ""H1420Y"", ""V1423A""]";;Pseudomonas aeruginosa
GCF_000006765.1;4741305;4742195;PA4227;pchR;AR;CR;A11G , A17V , V24I , D99Y , P129S , V187G , P190S , S222N ;"[""A11G"", ""A17V"", ""V24I"", ""D99Y"", ""P129S"", ""V187G"", ""P190S"", ""S222N""]";;Pseudomonas aeruginosa
GCF_000006765.1;4742424;4744067;PA4228;pchD;AR;CR;V6A , V11A , Q34R , S35N , T42A , R49Q , A138S , A150V , R160Q , G166S , E169K , D186E , D186G , E226K , S260G , R311L , E329A , D377N , A521T ;"[""V6A"", ""V11A"", ""Q34R"", ""S35N"", ""T42A"", ""R49Q"", ""A138S"", ""A150V"", ""R160Q"", ""G166S"", ""E169K"", ""D186E"", ""D186G"", ""E226K"", ""S260G"", ""R311L"", ""E329A"", ""D377N"", ""A521T""]";;Pseudomonas aeruginosa
GCF_000006765.1;4754423;4755424;PA4238;rpoA;AR;;;[];;Pseudomonas aeruginosa
GCF_000006765.1;4764880;4765701;PA4260;rplB;AR;;;[];;Pseudomonas aeruginosa
GCF_000006765.1;4769035;4771155;PA4266;fusA1;AR;BASIC;I186V , K496R ;"[""I186V"", ""K496R""]";;Pseudomonas aeruginosa
GCF_000006765.1;4772279;4776478;PA4269;rpoC;AR;;V877I , E1168G , K1297R ;"[""V877I"", ""E1168G"", ""K1297R""]";;Pseudomonas aeruginosa
GCF_000006765.1;4776544;4780617;PA4270;rpoB;AR;;V51I , N135S , D521G, V1155I ;"[""V51I"", ""N135S"", ""D521G"", ""V1155I""]";;Pseudomonas aeruginosa
GCF_000006765.1;4781985;4782680;PA4273;rplA;AR;;;[];;Pseudomonas aeruginosa
GCF_000006765.1;4843812;4844186;PA4315;mvaT;AR;;A71T , A73V ;"[""A71T"", ""A73V""]";;Pseudomonas aeruginosa
GCF_000006765.1;4893697;4894278;PA4366;sodB;HYP;;S52N , A100T ,;"[""S52N"", ""A100T""]";;Pseudomonas aeruginosa
GCF_000006765.1;4903466;4904596;PA4374;mexV;AR;;A15T , K51Q , A225S , A229G , G302E , Q303E , K304Q , V311A , G317S , P319S , Q321R , A363S  ;"[""A15T"", ""K51Q"", ""A225S"", ""A229G"", ""G302E"", ""Q303E"", ""K304Q"", ""V311A"", ""G317S"", ""P319S"", ""Q321R"", ""A363S""]";;Pseudomonas aeruginosa
GCF_000006765.1;4904647;4907703;PA4375;mexW;AR;;D125A , R260Q , I345V , E507D , Q511R , R575H , A578T , K612N , E618K , E618G , K619R , A627V , S647P , R768H , Q771P , G930R , G932E , V1002M , A1007G , A1015T , A1017S  ;"[""D125A"", ""R260Q"", ""I345V"", ""E507D"", ""Q511R"", ""R575H"", ""A578T"", ""K612N"", ""E618K"", ""E618G"", ""K619R"", ""A627V"", ""S647P"", ""R768H"", ""Q771P"", ""G930R"", ""G932E"", ""V1002M"", ""A1007G"", ""A1015T"", ""A1017S""]";;Pseudomonas aeruginosa
GCF_000006765.1;4910871;4912151;PA4380;colS;AR;;E38K , E200Q , H353R ;"[""E38K"", ""E200Q"", ""H353R""]";;Pseudomonas aeruginosa
GCF_000006765.1;4912141;4912824;PA4381;colR;AR;;A96T , S129R ;"[""A96T"", ""S129R""]";;Pseudomonas aeruginosa
GCF_000006765.1;4922407;4924191;PA4393;ampG;AR;;V81I , S185N , aa375insL , H554R , S580T , S580Y  A583T  ;"[""V81I"", ""S185N"", ""aa375insL"", ""H554R"", ""S580T"", ""S580YA583T""]";;Pseudomonas aeruginosa
GCF_000006765.1;4930748;4931695;PA4400;mutT;HYP;;D42E , V46L , A48V , A97V , A163T , E236D, L288V , A239T ;"[""D42E"", ""V46L"", ""A48V"", ""A97V"", ""A163T"", ""E236D"", ""L288V"", ""A239T""]";;Pseudomonas aeruginosa
GCF_000006765.1;4938276;4939187;PA4406;lpxC;AR;;V33M ;"[""V33M""]";;Pseudomonas aeruginosa
GCF_000006765.1;4949772;4951148;PA4416;murF;AR;;S8G ;"[""S8G""]";;Pseudomonas aeruginosa
GCF_000006765.1;4952604;4954343;PA4418;ftsI ;AR;BASIC;I186V , K496R ;"[""I186V"", ""K496R""]";;Pseudomonas aeruginosa
GCF_000006765.1;4977869;4978972;PA4444;mltB1;AR;;A7T , H12F , P27S , S38T, H64R , P106Q , T139A , V147I , P152S , A189S , T208A , S267N , Q303R ;"[""A7T"", ""H12F"", ""P27S"", ""S38T"", ""H64R"", ""P106Q"", ""T139A"", ""V147I"", ""P152S"", ""A189S"", ""T208A"", ""S267N"", ""Q303R""]";;Pseudomonas aeruginosa
GCF_000006765.1;4992870;4994363;PA4462;rpoN;AR;;A66V , A70T , S76P , P231A , D264E , W348R ;"[""A66V"", ""A70T"", ""S76P"", ""P231A"", ""D264E"", ""W348R""]";;Pseudomonas aeruginosa
GCF_000006765.1;4997439;4998050;PA4468;sodM;HYP;;"P2T , A11S , E25D , P47L , R102Q , G109E , Q138H , Q138R ; R192W  , A201V ";"[""P2T"", ""A11S"", ""E25D"", ""P47L"", ""R102Q"", ""G109E"", ""Q138H"", ""Q138R;R192W"", ""A201V""]";;Pseudomonas aeruginosa
GCF_000006765.1;5050848;5053400;PA4513;piuB;AR;;R50H, P51S, E52A, V78G, D81A, P94L, P115S, A143V, F175L, L197F, L200V, V249A, T301I, S311N, M339I, A340V, I343L, A351V, A378T, D379G, G382S, S454C, Q465H, A467T, P509S, P536S, A550V, S559G, A573T, N574D, V594A, N604H, A609V, V616I, A697V, L726I, L726V, R769G, E785G, H794R;"[""R50H"", ""P51S"", ""E52A"", ""V78G"", ""D81A"", ""P94L"", ""P115S"", ""A143V"", ""F175L"", ""L197F"", ""L200V"", ""V249A"", ""T301I"", ""S311N"", ""M339I"", ""A340V"", ""I343L"", ""A351V"", ""A378T"", ""D379G"", ""G382S"", ""S454C"", ""Q465H"", ""A467T"", ""P509S"", ""P536S"", ""A550V"", ""S559G"", ""A573T"", ""N574D"", ""V594A"", ""N604H"", ""A609V"", ""V616I"", ""A697V"", ""L726I"", ""L726V"", ""R769G"", ""E785G"", ""H794R""]";;Pseudomonas aeruginosa
GCF_000006765.1;5053616;5055877;PA4514;piuA;AR;CR;D7H , A29V , Q34H , P79L , V249I , S293L , I343V , T394A , aa415Δ1 , A416T , L425I , T674N ;"[""D7H"", ""A29V"", ""Q34H"", ""P79L"", ""V249I"", ""S293L"", ""I343V"", ""T394A"", ""aa415Δ1"", ""A416T"", ""L425I"", ""T674N""]";;Pseudomonas aeruginosa
GCF_000006765.1;5056095;5056775;PA4515;piuC;AR;CR;I8L , T10S , V14A , D49E , M60I , L83M , V104I , E125A , I134V , G139A , G155S , T187S  R198Q , R201H , V203I ;"[""I8L"", ""T10S"", ""V14A"", ""D49E"", ""M60I"", ""L83M"", ""V104I"", ""E125A"", ""I134V"", ""G139A"", ""G155S"", ""T187SR198Q"", ""R201H"", ""V203I""]";;Pseudomonas aeruginosa
GCF_000006765.1;5056778;5057593;PA4516;piuE;AR;;R2H, D9E, G15D, T23A, Q43L, T61A, T61P, T61S, T68A, E72G, R73H, R126H, P129S, P129L, Q132H, P133A, S150A, R199H, I252T, L261F, H266Y, Q268R, V271A;"[""R2H"", ""D9E"", ""G15D"", ""T23A"", ""Q43L"", ""T61A"", ""T61P"", ""T61S"", ""T68A"", ""E72G"", ""R73H"", ""R126H"", ""P129S"", ""P129L"", ""Q132H"", ""P133A"", ""S150A"", ""R199H"", ""I252T"", ""L261F"", ""H266Y"", ""Q268R"", ""V271A""]";;Pseudomonas aeruginosa
GCF_000006765.1;5063941;5064777;PA4521;ampE;AR;;A11V , R24H , S33G , L34Q , S69P , E129D , I122V , G136S , A170V , A178V  L190F , A210V , A248V  ;"[""A11V"", ""R24H"", ""S33G"", ""L34Q"", ""S69P"", ""E129D"", ""I122V"", ""G136S"", ""A170V"", ""A178VL190F"", ""A210V"", ""A248V""]";;Pseudomonas aeruginosa
GCF_000006765.1;5064774;5065340;PA4522;ampD;AR;BASIC;R11L , D28G , A29T , Q44K , Q44H , E68D , A85G , P126Q , A134V , A136V , G148A , E170G , S175L , D183Y ;"[""R11L"", ""D28G"", ""A29T"", ""Q44K"", ""Q44H"", ""E68D"", ""A85G"", ""P126Q"", ""A134V"", ""A136V"", ""G148A"", ""E170G"", ""S175L"", ""D183Y""]";;Pseudomonas aeruginosa
GCF_000006765.1;5116032;5116289;PA4567;rpmA;AR;;;[];;Pseudomonas aeruginosa
GCF_000006765.1;5116313;5116624;PA4568;rplU;AR;;I74V ;"[""I74V""]";;Pseudomonas aeruginosa
GCF_000006765.1;5149633;5151072;PA4597;oprJ;AR;BASIC;F6L , A14V , A30V , D35H , A40G , A48V , D68G , M69V , L81I , G120S , V146I , A152T , A163T , S176G , G184S , L250F , A260V , R263Q , R263W , S264N , Q267R , L291F , T323S , D351A , A372V , T376A , T376S , K413M ;"[""F6L"", ""A14V"", ""A30V"", ""D35H"", ""A40G"", ""A48V"", ""D68G"", ""M69V"", ""L81I"", ""G120S"", ""V146I"", ""A152T"", ""A163T"", ""S176G"", ""G184S"", ""L250F"", ""A260V"", ""R263Q"", ""R263W"", ""S264N"", ""Q267R"", ""L291F"", ""T323S"", ""D351A"", ""A372V"", ""T376A"", ""T376S"", ""K413M""]";;Pseudomonas aeruginosa
GCF_000006765.1;5151078;5154209;PA4598;mexD;AR;BASIC;T87S , Q149H , A155T , E257Q , S281L , T304A , E314D , E314Q , V343A , V364L , V384L , V434A , V523A , A536S , R540G , A566T , A566V , E602K , S606L , V607A , I610V , A647V , E650Q , V660I , N669D, S685G, I703V, A734V , A748V , K804R , S845A , K863Q , S896T , A958S , A959S , I960L , I982V , aa1027InsLLS , K1031R , A1039T , A1039V , S1040T ;"[""T87S"", ""Q149H"", ""A155T"", ""E257Q"", ""S281L"", ""T304A"", ""E314D"", ""E314Q"", ""V343A"", ""V364L"", ""V384L"", ""V434A"", ""V523A"", ""A536S"", ""R540G"", ""A566T"", ""A566V"", ""E602K"", ""S606L"", ""V607A"", ""I610V"", ""A647V"", ""E650Q"", ""V660I"", ""N669D"", ""S685G"", ""I703V"", ""A734V"", ""A748V"", ""K804R"", ""S845A"", ""K863Q"", ""S896T"", ""A958S"", ""A959S"", ""I960L"", ""I982V"", ""aa1027InsLLS"", ""K1031R"", ""A1039T"", ""A1039V"", ""S1040T""]";;Pseudomonas aeruginosa
GCF_000006765.1;5154237;5155400;PA4599;mexC;AR;BASIC;E26A , A31V , M34I , P47S , A49V , R76G , R76Q , I133V , S157T , T175A , D226E , E251Q , A262E , A277T , D298A , Q300R , H310R , S313G , S330A , S341A , E347K , P351L , A378T , Q381L , P383S , A384V ;"[""E26A"", ""A31V"", ""M34I"", ""P47S"", ""A49V"", ""R76G"", ""R76Q"", ""I133V"", ""S157T"", ""T175A"", ""D226E"", ""E251Q"", ""A262E"", ""A277T"", ""D298A"", ""Q300R"", ""H310R"", ""S313G"", ""S330A"", ""S341A"", ""E347K"", ""P351L"", ""A378T"", ""Q381L"", ""P383S"", ""A384V""]";;Pseudomonas aeruginosa
GCF_000006765.1;5155561;5156124;PA4600;nfxB;AR;BASIC;R21H , D56G , R82L , H109Y , I149L , A170T ;"[""R21H"", ""D56G"", ""R82L"", ""H109Y"", ""I149L"", ""A170T""]";;Pseudomonas aeruginosa
GCF_000006765.1;5167284;5168645;PA4609;radA;HYP;;Q54P , T76A ;"[""Q54P"", ""T76A""]";;Pseudomonas aeruginosa
GCF_000006765.1;5229459;5229980;PA4661;pagL;AR;;V16A , D49G  T55S , V145I ,;"[""V16A"", ""D49GT55S"", ""V145I""]";;Pseudomonas aeruginosa
GCF_000006765.1;5239466;5240080;PA4671;rplY;AR;;Q41L , A123S ;"[""Q41L"", ""A123S""]";;Pseudomonas aeruginosa
GCF_000006765.1;5277968;5280292;PA4700;PBP1b;AR;BASIC;P16L  ,S25G , W26R , S96N , S108N , A109T , L353Q , V433I , F453Y , D502N , G503D , K607R , A751T ;"[""P16L"", ""S25G"", ""W26R"", ""S96N"", ""S108N"", ""A109T"", ""L353Q"", ""V433I"", ""F453Y"", ""D502N"", ""G503D"", ""K607R"", ""A751T""]";;Pseudomonas aeruginosa
GCF_000006765.1;5332746;5333501;PA4748;tpiA;AR;;S33G , A132V , K138R , I151M , A181V , I190V , A199T , ;"[""S33G"", ""A132V"", ""K138R"", ""I151M"", ""A181V"", ""I190V"", ""A199T""]";;Pseudomonas aeruginosa
GCF_000006765.1;5335782;5337701;PA4751;ftsH;AR;;T562A ;"[""T562A""]";;Pseudomonas aeruginosa
GCF_000006765.1;5361586;5362068;PA4773;speD2;AR;;;[];;Pseudomonas aeruginosa
GCF_000006765.1;5362146;5363195;PA4774;speE2;AR;;A3V , L26Q , L26V , C161S , A165T , A197S , S209A , V217I , D257N , T271A , P331L ;"[""A3V"", ""L26Q"", ""L26V"", ""C161S"", ""A165T"", ""A197S"", ""S209A"", ""V217I"", ""D257N"", ""T271A"", ""P331L""]";;Pseudomonas aeruginosa
GCF_000006765.1;5363198;5364058;PA4775;-;AR;;N14T , G15R , G15P , D30N , G31S , G33D , aa34insG , A46V , V49L, , A51E , I54S, S57G, E61K, E64D, V67G, D69N, N77S, H84Y , R87H , R89H , R89S , R101C , R101P , T104P , R120H , V123I R131Q , R131P , G152D , E153D , A163S , A163V , A197V , N211K , G212S , R263W , A270V , S279G ;"[""N14T"", ""G15R"", ""G15P"", ""D30N"", ""G31S"", ""G33D"", ""aa34insG"", ""A46V"", ""V49L"", """", ""A51E"", ""I54S"", ""S57G"", ""E61K"", ""E64D"", ""V67G"", ""D69N"", ""N77S"", ""H84Y"", ""R87H"", ""R89H"", ""R89S"", ""R101C"", ""R101P"", ""T104P"", ""R120H"", ""V123IR131Q"", ""R131P"", ""G152D"", ""E153D"", ""A163S"", ""A163V"", ""A197V"", ""N211K"", ""G212S"", ""R263W"", ""A270V"", ""S279G""]";;Pseudomonas aeruginosa
GCF_000006765.1;5364071;5364736;PA4776;pmrA;AR;BASIC;D61E , L71R , E131D ;"[""D61E"", ""L71R"", ""E131D""]";;Pseudomonas aeruginosa
GCF_000006765.1;5364760;5366193;PA4777;pmrB;AR;BASIC;S2P , A4T , V6A , V15I , G68S , D70N , A119T , H311Q , H340R , Y345H , G362S , P369A , P369S , A413T , A462T ;"[""S2P"", ""A4T"", ""V6A"", ""V15I"", ""G68S"", ""D70N"", ""A119T"", ""H311Q"", ""H340R"", ""Y345H"", ""G362S"", ""P369A"", ""P369S"", ""A413T"", ""A462T""]";;Pseudomonas aeruginosa
GCF_000006765.1;5473766;5474578;PA4878;brlR;AR;;Q6K , A23T , R31H , Q42R , T108P , I111K , E167D , V184I , K215N  ;"[""Q6K"", ""A23T"", ""R31H"", ""Q42R"", ""T108P"", ""I111K"", ""E167D"", ""V184I"", ""K215N""]";;Pseudomonas aeruginosa
GCF_000006765.1;5489630;5490652;PA4895;-;AR;;R4H, R7S, P10L, A12T, D14A, T15S, Q42H, A106V, G111C, W119C, A135V, V143M, E145G, V150L, P188S, A214S, A214T, V217L, A236V, E242G, I254S, P256A, A263S, P302A, V311I, A319V;"[""R4H"", ""R7S"", ""P10L"", ""A12T"", ""D14A"", ""T15S"", ""Q42H"", ""A106V"", ""G111C"", ""W119C"", ""A135V"", ""V143M"", ""E145G"", ""V150L"", ""P188S"", ""A214S"", ""A214T"", ""V217L"", ""A236V"", ""E242G"", ""I254S"", ""P256A"", ""A263S"", ""P302A"", ""V311I"", ""A319V""]";;Pseudomonas aeruginosa
GCF_000006765.1;5490645;5491181;PA4896;-;AR;;S6P, S9Q, G14C, R33Q, R62H, E63D, Q67H, T73I, I121V;"[""S6P"", ""S9Q"", ""G14C"", ""R33Q"", ""R62H"", ""E63D"", ""Q67H"", ""T73I"", ""I121V""]";;Pseudomonas aeruginosa
GCF_000006765.1;5491346;5494315;PA4897;optI;AR;CR;P2T , A4T , N5T , L14P , L28V , W37C , A45V , G52S , D53G , L54P , H56Q , S64C , D78N , G85S , G96D , D102A , E104A , A137T , L145Q , S151P , A154T , V161M , T175I , D189E , V210I , S213N , D296A , V302M , D307N , V313A , H317P , D333E , T439I , E492D , R621H , I714T , D721A , T729I , D752E, N865S , N865S ;"[""P2T"", ""A4T"", ""N5T"", ""L14P"", ""L28V"", ""W37C"", ""A45V"", ""G52S"", ""D53G"", ""L54P"", ""H56Q"", ""S64C"", ""D78N"", ""G85S"", ""G96D"", ""D102A"", ""E104A"", ""A137T"", ""L145Q"", ""S151P"", ""A154T"", ""V161M"", ""T175I"", ""D189E"", ""V210I"", ""S213N"", ""D296A"", ""V302M"", ""D307N"", ""V313A"", ""H317P"", ""D333E"", ""T439I"", ""E492D"", ""R621H"", ""I714T"", ""D721A"", ""T729I"", ""D752E"", ""N865S"", ""N865S""]";;Pseudomonas aeruginosa
GCF_000006765.1;5548397;5548645;PA4944;hfq;AR;;;[];;Pseudomonas aeruginosa
GCF_000006765.1;5549780;5551681;PA4946;mutL;HYP;MLST;A4T , P365S , A391V , nt401Δ1 , A406T , A411V , A426T , E428D , P430S , N595S , ;"[""A4T"", ""P365S"", ""A391V"", ""nt401Δ1"", ""A406T"", ""A411V"", ""A426T"", ""E428D"", ""P430S"", ""N595S""]";;Pseudomonas aeruginosa
GCF_000006765.1;5572222;5574486;PA4964;parC;AR;BASIC;S197L , E225D , H262Q , S331T , Q359R , Q405R , V419L , E513D , A587T , N633S , V646L , P752T , D754N ;"[""S197L"", ""E225D"", ""H262Q"", ""S331T"", ""Q359R"", ""Q405R"", ""V419L"", ""E513D"", ""A587T"", ""N633S"", ""V646L"", ""P752T"", ""D754N""]";;Pseudomonas aeruginosa
GCF_000006765.1;5576028;5577917;PA4967;parE;AR;BASIC;H50Y , I57V , D142N , V200M , A473V , D533E ;"[""H50Y"", ""I57V"", ""D142N"", ""V200M"", ""A473V"", ""D533E""]";;Pseudomonas aeruginosa
GCF_000006765.1;5617534;5618418;PA5000;wapR;AR;;A2T , R58H , R69K , R78K , T85A , A87T , I100V , D115N , N132S , R160C , T284I ;"[""A2T"", ""R58H"", ""R69K"", ""R78K"", ""T85A"", ""A87T"", ""I100V"", ""D115N"", ""N132S"", ""R160C"", ""T284I""]";;Pseudomonas aeruginosa
GCF_000006765.1;5674028;5675134;PA5038;aroB;AR;;V45I , Q58E , E61D , T63I , P64S , T78A , V85A , H91Y , I143L , I163V , S173F , A200E ,L208Q , S235L , A250S , A285V , D289N , I292T , D312G , V341I ;"[""V45I"", ""Q58E"", ""E61D"", ""T63I"", ""P64S"", ""T78A"", ""V85A"", ""H91Y"", ""I143L"", ""I163V"", ""S173F"", ""A200E"", ""L208Q"", ""S235L"", ""A250S"", ""A285V"", ""D289N"", ""I292T"", ""D312G"", ""V341I""]";;Pseudomonas aeruginosa
GCF_000006765.1;5680898;5683366;PA5045;ponA ;AR;BASIC;E53K , D73N , E161Q , A368T , R378H , P388S , A399P , T412I , I418V , I418T , S539T , N554D , V598M , aa616insP , E618D , N622K , D625A, H628N , S631I , Q641L , V643I , P803S  ;"[""E53K"", ""D73N"", ""E161Q"", ""A368T"", ""R378H"", ""P388S"", ""A399P"", ""T412I"", ""I418V"", ""I418T"", ""S539T"", ""N554D"", ""V598M"", ""aa616insP"", ""E618D"", ""N622K"", ""D625A"", ""H628N"", ""S631I"", ""Q641L"", ""V643I"", ""P803S""]";;Pseudomonas aeruginosa
GCF_000006765.1;5762659;5764476;PA5117;typA;AR;;V46M , A230V ;"[""V46M"", ""A230V""]";;Pseudomonas aeruginosa
GCF_000006765.1;5795954;5797021;PA5147;mutY;HYP;;D61N , Q94R , A112T , S195R , I245V , G270D , G311S , A308E , A354T ;"[""D61N"", ""Q94R"", ""A112T"", ""S195R"", ""I245V"", ""G270D"", ""G311S"", ""A308E"", ""A354T""]";;Pseudomonas aeruginosa
GCF_000006765.1;5851239;5852558;PA5199;amgS;AR;;I260V , G288D , V294L ;"[""I260V"", ""G288D"", ""V294L""]";;Pseudomonas aeruginosa
GCF_000006765.1;5852653;5853396;PA5200;amgR;AR;;S51T , D162E ;"[""S51T"", ""D162E""]";;Pseudomonas aeruginosa
GCF_000006765.1;5892910;5894256;PA5235;glpT;AR;;L101M , H114R , A121T , W149R , Y205C , V246I , C432S , K437T , A439T , P444T , P444S , X449ext  ;"[""L101M"", ""H114R"", ""A121T"", ""W149R"", ""Y205C"", ""V246I"", ""C432S"", ""K437T"", ""A439T"", ""P444T"", ""P444S"", ""X449ext""]";;Pseudomonas aeruginosa
GCF_000006765.1;6002121;6002900;PA5332;crc;AR;;;[];;Pseudomonas aeruginosa
GCF_000006765.1;6012047;6012979;PA5344;oxyR;HYP;;;[];;Pseudomonas aeruginosa
GCF_000006765.1;6033211;6034044;PA5366;pstB;AR;;E89Q ;"[""E89Q""]";;Pseudomonas aeruginosa
GCF_000006765.1;6131088;6133274;PA5443;uvrD;HYP;;S341R , K344R , A417T , D475N , T547A , V556I , A641S , G657A , S662N , N666S , L667F ;"[""S341R"", ""K344R"", ""A417T"", ""D475N"", ""T547A"", ""V556I"", ""A641S"", ""G657A"", ""S662N"", ""N666S"", ""L667F""]";;Pseudomonas aeruginosa
GCF_000006765.1;6159560;6160699;PA5471;armZ;AR;BASIC;C40R , L88P , D104E , S112N , D119E , G157D , D159A , D161G , H182Q , L196P , R204C , D207N , I237V , N238S , V242M , V243A , P244L , A245V , G258S , R302C , E307D , S314N , R322H , R322S , I346V , A352V ;"[""C40R"", ""L88P"", ""D104E"", ""S112N"", ""D119E"", ""G157D"", ""D159A"", ""D161G"", ""H182Q"", ""L196P"", ""R204C"", ""D207N"", ""I237V"", ""N238S"", ""V242M"", ""V243A"", ""P244L"", ""A245V"", ""G258S"", ""R302C"", ""E307D"", ""S314N"", ""R322H"", ""R322S"", ""I346V"", ""A352V""]";;Pseudomonas aeruginosa
GCF_000006765.1;6160912;6160953;PA54711;PA54711;AR;;;[];;Pseudomonas aeruginosa
GCF_000006765.1;6176516;6177295;PA5485;ampDh2;AR;BASIC;F9I , V40I , V89D , Q110R , R189H , T258A ;"[""F9I"", ""V40I"", ""V89D"", ""Q110R"", ""R189H"", ""T258A""]";;Pseudomonas aeruginosa
GCF_000006765.1;6183784;6186525;PA5493;polA;HYP;;D126G , E210K , G266D , P268L , N299S , F321L , V350L , A382T , K388Q , K396R , A411S , V422I , R491C , D512E , R541H , A599T , P635L , D715G , V729M , S735N , A778T , Q853L , C882Y , D876E , T894I , D910G ;"[""D126G"", ""E210K"", ""G266D"", ""P268L"", ""N299S"", ""F321L"", ""V350L"", ""A382T"", ""K388Q"", ""K396R"", ""A411S"", ""V422I"", ""R491C"", ""D512E"", ""R541H"", ""A599T"", ""P635L"", ""D715G"", ""V729M"", ""S735N"", ""A778T"", ""Q853L"", ""C882Y"", ""D876E"", ""T894I"", ""D910G""]";;Pseudomonas aeruginosa
GCF_000006765.1;6206292;6207170;PA5513;poxA;AR;;F7S , A50T , A82S , P92S , A141V , Q164L , A191V , R212H , G229D , T232I , R236H , H264Q , V265A , V267A , D279A , A280T , A281T ;"[""F7S"", ""A50T"", ""A82S"", ""P92S"", ""A141V"", ""Q164L"", ""A191V"", ""R212H"", ""G229D"", ""T232I"", ""R236H"", ""H264Q"", ""V265A"", ""V267A"", ""D279A"", ""A280T"", ""A281T""]";;Pseudomonas aeruginosa
GCF_000006765.1;6207241;6208029;PA5514;PA5514;AR;;F6L , T16A , Q25R , Q25H , R49C , R83K , D109E , K112E , N134D , R137H , G139S , V148A , R167H , L170I , G196S , I244T , N225Y  ;"[""F6L"", ""T16A"", ""Q25R"", ""Q25H"", ""R49C"", ""R83K"", ""D109E"", ""K112E"", ""N134D"", ""R137H"", ""G139S"", ""V148A"", ""R167H"", ""L170I"", ""G196S"", ""I244T"", ""N225Y""]";;Pseudomonas aeruginosa
GCF_000006765.1;6219885;6220739;PA5528;PA5528;AR;;A43V , A130V , aa130insT , aa150insT , A150T , A152T ,A154V ,V226D  ;"[""A43V"", ""A130V"", ""aa130insT"", ""aa150insT"", ""A150T"", ""A152T"", ""A154V"", ""V226D""]";;Pseudomonas aeruginosa
GCF_000006765.1;6234500;6235744;PA5542;PIB-1;AR;;S3N , A11V , A19S , S22L , A27V , T68S , T68A , T68I , V77A , E89A , R97W , R100H , I106V , V112I , E123A , S138A , P161L , S224G , S224T , H236Q , P249L , E265Q , Q297L , D302N , S325T , K332R , V351L , A404V , A412T ;"[""S3N"", ""A11V"", ""A19S"", ""S22L"", ""A27V"", ""T68S"", ""T68A"", ""T68I"", ""V77A"", ""E89A"", ""R97W"", ""R100H"", ""I106V"", ""V112I"", ""E123A"", ""S138A"", ""P161L"", ""S224G"", ""S224T"", ""H236Q"", ""P249L"", ""E265Q"", ""Q297L"", ""D302N"", ""S325T"", ""K332R"", ""V351L"", ""A404V"", ""A412T""]";;Pseudomonas aeruginosa
