SEQ_ID,CF UNIT,PATIENT ID,ISOLATE ID,ISOLATION DATE,,,,MIC (mg/L),,,,,,,,,,,,,,,,,,,,Acquired R determinants,MUTATIONAL RESISTOME,,,,,,,,,,,,,,,,,,,,,,,,,,,,,,,,,,,,,,,,,MUTOME,,,,,,,,,,,,,,,IRON UPTAKE GENES,,,,,,,,,,,,,,,,,,,,,,,,,,,,,,,,,,,,,,,,,,,,,,,,,,,,,,,,,,,,,,,,,,,,,,,,,,,,,,,,,,,,,,,,,,,,,,,,,,,,,,,,,,,,,,,,,,,,,,,
,,,,,SEQUENCE TYPE,MUTATOR?,MORPHOTYPE,PIP/TAZ,EUCAST ,CAZ,EUCAST,MER,EUCAST ,CIP,EUCAST ,COL,EUCAST ,TOL/TAZ,EUCAST ,CAZ/AVI,EUCAST,MER/VAB,EUCAST ,IMI/REL,EUCAST ,FDC,EUCAST ,,PA0004,PA0424,PA0425,PA0426,PA0427,PA0807,PA0958,oprD REF,PA1798,PA1799,PA2018,PA2019,PA2020,PA2023,PA2491,PA2492,PA2493,PA2494,PA2495,PA3047,PA3168,PA3574,PA3721,PA3999,PA4003,PA4020,PA4109,PA4110,PA4266,PA4418,PA4522,PA4597,PA4598,PA4599,PA4600,PA4776,PA4777,PA4964,PA4967,PA5471,PA5485,PA0355,PA0357,PA0750,PA1816,PA3002,PA3620,PA4366,PA4400,PA4468,PA4609,PA4946,PA5147,PA5344,PA5443,PA5493,PA0151,PA0192,PA0197,PA0198,PA0199,PA0362,PA0404,PA0405,PA0406,PA0407,PA0434,PA0470,PA0471,PA0472,PA0693,PA0694,PA0781,PA0929 ,PA0930,PA0931,PA1008,PA1146,PA1176,PA1271,PA1302,PA1322,PA1365,PA1551,PA1584,PA1613,PA1910,PA1922,PA1931,PA1991,PA2057,PA2070,PA2089,PA2297,PA2335,PA2385,PA2386,PA2387,PA2388,PA2389,PA2390,PA2391,PA2392,PA2393,PA2394,PA2395,PA2396,PA2397,PA2398,PA2399,PA2402,PA2426,PA2466,PA2590,PA2663,PA2688,PA2715,PA2911,PA3268,PA3397,PA3408,PA3490,PA3491,PA3530,PA3531,PA3621,PA3753,PA3790,PA3809,PA3812,PA3813,PA3899,PA3900,PA3901,PA4131,PA4156,PA4158,PA4159,PA4160,PA4161,PA4168,PA4175,PA4221,PA4224,PA4225,PA4228,PA4229,PA4235,PA4331,PA4358,PA4431,PA4513,PA4514,PALES_48941,PA4515,PA4516,PA4655,PA4675,PA4687,PA4688,PA4710,PA4764,PA4772,PA4811,PA4834,PA4835,PA4836,PA4837,PA4880,PA4897,PA5186,PA5216,PA5217,PA5248,PA5505,PA5531
,,,,,,,,,,,,,,,,,,,,,,,,,,,,,gyrB,mexR,mexA,mexB,oprM,ampDh3,oprD,,parS,parR,mexY,mexX,mexZ,galU,mexS,mexT,mexE,mexF,oprN,PBP4,gyrA,nalD,nalC,PBP5,PBP2,mpl,ampR,ampC,fusA1,PBP3,ampD,oprJ,mexD,mexC,nfxB,pmrA,pmrB,parC,parE,armZ,ampDh2,pfpI,mutM,ung,dnaQ,mfd,mutS,sodB,mutT,sodM,radA,mutL,mutM,oxyR,uvrD,polA,pupB,optP,tonB2,exbB1,exbD1,fdx1,-,algH,tonB3,gshB,optJ,fiuA,fiuR,fiuI,exbB2,exbD2,znuD,pirR,pirS,pirA,bcp,-,napF,btuB,hxuA,pfuA,optN,-,sdhB,-,femA,cirA,-,-,sppR,optM,optL,-,optO,pvdQ,pvdA,fpvI,fpvR,pvdR,pvdT,opmQ,pvdP,-,pvdN,pvdO,pvdF,pvdE,fpvA,pvdD,pvdI,pvdS,foxA,optF,ppyR,pfeA,-,optE,optR,fprA,hasR,-,rnfC,bfd,bfrB,fdxA,,oprC,fdx2,iscA,iscU,fecI,fecR,fecA,,fvbA,fepC,fepB,fepD,fepG,fpvB,piv,fptA,pchG,pchF,pchD,pchC,ftnA,,feoB,,piuB,piuA,piuD,piuC,piuE,hemH,chtA,hitA,hitB,phuR,fur,,fdnH,cntI,cntM,cntL,cntO,,optI,,,,,,tonB1
001-0440,HUSE,SE01,1,"February 21, 2019",1089,YES,mucoid,>64,R,>32,R,>16,R,4,R,1,S,8,R,>8,R,>8,R,>8,R,0.25,S,,S466F,,"N71S, D235G",L376V,E456G,,Q67X,LESB58,,,Y355H,,A194P,P123L,,,,,R127Q,,,,,,,,,,K430E,,,,,P129L,,,R287Q,,,,,,,,,,nt813Δ4,,,nt329InsC,,,,,,,"N540S, Y737C",R93C,,,,,,,,,P248L,,,,,,R389H,,,,,,,,H481R,,,,,W627R,,nt3Δ1,,,,V541M,,,,,,,,,,,,,,,,,DELETED,,,,,W779*,,,,,,,,A98T,G613S,,,,T78A,E710G,,,,L117V,,,,T293A,S70G,,nt696Δ1,,nt309InsC,,,,,,,,,V635M,,,Not present,S612T,,,,,,,,,,P102S,,,,,E106K,"D296A, A349T",,R444H,,,,nt650InsGGG
001-5978,HUSE,SE01,2,"February 21, 2020",1089,YES,mucoid,8,I,1,I,2,S,0.5,I,0.25,S,1,S,2,S,2,S,1,S,0.25,S,,S466F,,"N71S, D235G",L376V,E456G,,Q67X,LESB58,,,Y355H,,A194P,P123L,,,,,R127Q,,,,,,,,,,K430E,,,,,P129L,,,R287Q,,,,,,,,,,nt813Δ4,,,,,,,,,,"N540S, Y737C",R93C,,,,,,,,,P248L,,,,,,R389H,,,,,,,,H481R,,,,,W627R,,"nt3Δ1, nt806InsGGGG
",,,A305T,V541M,,,,,,,,nt52InsC,,,,,,,,,DELETED,,,,,W779*,,,,,,,,A98T,G613S,,,,T78A,E710G,,,,L117V,,,,T293A,S70G,,,,,,nt1305Δ3,,,,,,,V635M,,,Not present,S612T,,,,,,,,,,P102S,,,,,E106K,"D296A, A349T",,R444H,,,,nt650InsGGG
001-7071,HUSE,SE01,3,"March 19, 2021",1089,YES,mucoid,>64,R,>32,R,8,I,1,R,≤0.012,S,>8,R,2,S,>8,R,>8,R,0.25,S,,S466F,,"N71S, D235G","Q67R, L376V",E456G,,Q67X,LESB58,,,Y355H,,A194P,P123L,,,,N104S,R127Q,,,,,,,nt111InsG,,,K430E,,,,,,,L143P,R287Q,,,,,,,,,,nt813Δ4,,,,,,,,,,"Q483*, N540S, Y737C",R93C,,,,,,,,,P248L,,,,,,R389H,,,,,,,,,P513L,,,,W627R,,nt806InsG,,,,V541M,N3S,,,,,,,,,,,,,,,,DELETED,,,,,,,,,,,,,A98T,G613S,,,,T78A,"nt522Δ1, E710G",,,,L117V,W99*,,,T293A,S70G,,nt696Δ1,,,,,,,,,,,,,,Not present,S612T,,,,,,,,,,P102S,,"Y150C, A138V",,,E106K,"L938P, D296A, A349T",,R444H,,,,nt650InsGGG
002-5135,HUSE,SE02,1,"January 23, 2019",312,NO,regular,16,I,2,I,4,I,0.25,I,1,S,1,S,4,S,4,S,2,S,0.25,S,,,,,,,,,MTB-1,A29V,,,,,,deleted,deleted,deleted,deleted,deleted,,,,,,,,,,,,,,,R225C,,,,,,,,,,,,,,,,,,,,,,,,,,,,,E141D,,,,,,,,,,,,,,,,,,,,,,,,,,,R359C,,,,,DELETED,,,,,I21L,,,,,,,,,,"E2372D, A617T ",,,,,,,,,,,,,,,,,,,,,,,,G586S,,,,,,nt1030Δ1,,,,,,,,,,,,,Not present,,,,,,,,,,,,A30V,Q90L,,,,,,,,,,S285T
002-5867,HUSE,SE02,2,"February 20, 2020",312,NO,regular,16,I,2,I,8,I,0.5,I,0.5,S,1,S,2,S,>8,R,1,S,≤0.125,S,,,,,,,,,MTB-1,A29V,,,,,,deleted,deleted,deleted,deleted,deleted,,,,,,,,,,,,,,,R225C,,,,,,,,,,,,,,,,,,,,,,,,,P177T,,,,E141D,,,,,,,,,,,,,,,,,,,,,,,,,,,R359C,,,,,DELETED,,,,,I21L,,,,,,,,,,"E2372D, A617T ",,,,,,,,,,,,,,,,,,,,,,,,G586S,,,,,,,,,,,,,,,,,,,Not present,,,,,,,,,,,,A30V,Q90L,,,,,,,,,,S285T
002-6433,HUSE,SE02,3,"March 17, 2021",312,NO,regular,4,I,2,I,1,S,0.5,I,0.25,S,1,S,2,S,1,S,1,S,≤0.125,S,,,,,,,,,MTB-1,A29V,,,,nt187Δ12,,deleted,deleted,deleted,deleted,deleted,,,,,,,,,,,,,,,R225C,,,,,,,,,,,,,,,,,,,,,,,,,,,,,E141D,,,,,,,,,,,,,,,,,,,,,,,,,,,R359C,,,,,DELETED,,,,,I21L,,,,,,,,,,"E2372D, A617T ",,,,,,,,,,,,,,,,,,,,,,,,G586S,,,,,,nt1030Δ1,,,,,,,,,,,,,Not present,,,,,,,,,,,,A30V,Q90L,,,,,,,,,,S285T
003-0062,HUSE,SE03,1,"December 5, 2018",285,NO,regular,1,I,4,I,≤0.06,S,2,R,0.5,S,1,S,1,S,≤0.06,S,0.5,S,≤0.125,S,,E468D,,,,,,,LESB58,A345T,"R145Q, L90I",,S118G,,,,,,,,,,,,,,,,,,,,,,Q93L,,,,,,,,,,,,,,,,,,,,,,,,,,,,,,,,,,E602A,,,,,,,,,,,,,T458S,,R599H,,,,,,,,,,,,,"A245V, D142N",,V151A,,,,,P74S,,,A10V,,,,,A2114T,,,,,,,,S558F,,"T178S, Q150R",V4A,,,,,,,,,,,,,,T623S,,,,,T419S,,A305G,,C848Y,,,,G78S,,,,,Not present,,,,D194N,,,,,N94S,,,,,,,,,,,,,
003-5302,HUSE,SE03,2,"March 11, 2020",285,NO,regular,1,I,2,I,≤0.06,S,2,R,0.5,S,1,S,1,S,≤0.06,S,0.5,S,≤0.125,S,,E468D,,,,,,,LESB58,A345T,"R145Q, L90I",,S118G,,,,,,,,,,,,,,,,,,,,,,Q93L,,,,,,,,,,,,,,,,,,,,,,,,,,,,,,,,,,E602A,,,,,,,,,,,,,T458S,,R599H,,,,,,,,,,,,,"A245V, D142N",,V151A,,,,,P74S,,,A10V,,,,,A2114T,,,,,,,,S558F,,"T178S, Q150R",V4A,,,,,,,,,,,,,,T623S,,,,,T419S,,A305G,,C848Y,,,,G78S,P264S,,,,Not present,,,,D194N,,,,,N94S,,,,,,,,,,,,,
003-5453,HUSE,SE03,3,"March 10, 2021",285,NO,small colony variant,≤0.5,S/I,1,I,≤0.06,S,2,R,0.5,S,1,S,0.5,S,≤0.06,S,0.5,S,≤0.125,S,,E468D,,,,,,,LESB58,A345T,"R145Q, L90I",,S118G,,,,,,,,,,,,,,,,,,,,,,Q93L,,,G188S,,,,,,,,,,,,,,,,,,,,,,,,,,,,,,,E602A,,,,,,,,,,,,,T458S,,R599H,,,,,,,,,,,,,"A245V, D142N",,V151A,,,,,P74S,,,A10V,,,,,A2114T,,,,,,,,S558F,,"T178S, Q150R",V4A,,,,,,,,,,,,,,T623S,,,,,T419S,,A305G,,C848Y,,,,G78S,,,,,Not present,,,,D194N,,,,,N94S,,,,,,,,,,,,,
004-8869,HUSE,SE04,1,"January 28, 2020",274,YES,regular,>64,R,>32,R,>16,R,>4,R,1,S,4,S,>8,R,>8,R,8,R,1,S,,S466F,,"Q114X, L338P",,,nt36Δ1,W65X,LESB58,,,"V1000M, D124N",,A194P,T14A,,,,,,,,,,N362S,,"P153S, nt111Δ1

",,,"R680C, D427N",V541M,,,D683G,,A30T,I212V,R287Q,,,,,,,,,,W708R,,,,,,,,,,,,V132A,,,,,,,,,,,,,,,,,,,,,,,,,,,,,"nt3InsCC, nt806InsGGG
",G135S,,,,,,,,,,,,"R517C, T534A",Q50*,,,,,,,DELETED,,E31G,,,,,,,,,,,A98T,G613S,,,,T78A,,,,,L117V,,H289R,,,,,,V164A,,,,,H734R,,,,,,,G431R,Not present,S612T,,,,,,,,,A641T,,,,,,,"D296A, A349T",R129C,R444H,,,H79R,
004-7991,HUSE,SE04,2,"September 9, 2020",274,YES,regular,>64,R,>32,R,8,I,4,R,1,S,>8,R,4,S,8,S,1,S,2,S,,S466F,,"Q114X, L338P",S205G,,,W65X,LESB58,,,"V1000M, D124N",,A194P,T14A,,,,,,,,,,N362S,,"P153S, nt111Δ1

",,"G242S, N347S","R680C, D427N",V541M,,,,,,I212V,R287Q,,,,,,,,,,W708R,,,,,,,,,,,,V132A,,,,,,,,,,,,,,S252A,,,,,,,,,,,,,,,"nt3InsC, nt809InsGGGG
",G135S,,,,,,,,,,,,"R517C, T534A","L315P, Q50*",,,,,,,DELETED,,E31G,,,,,,,,,,,A98T,G613S,,,,T78A,,,,,L117V,,H289R,,,,,,V164A,,,,,H734R,,R18H,,,,,G431R,Not present,S612T,,,,,,,R349C,,"F362L, A641T",,,,,,,"D296A, A349T",R129C,R444H,,,,
004-5265,HUSE,SE04,3,"March 4, 2021",NEW (274-aroE),YES,small colony variant,4,I,32,R,2,S,1,R,>4,R,2,S,0.5,S,2,S,0.25,S,1,S,,S466F,,"Q114X, L338P",,,,W65X,LESB58,,,"V1000M, D124N",,A194P,T14A,,,,,,,,,,N362S,,"P153S, nt111Δ1

",,G242S,"R680C, D427N",V541M,E120G,,,,,I212V,"R102C, R287Q",,,,,,,,,,W708R,,,,,,,,,,,,V132A,,,,,,,,,,,,,,S252A,,,,,,,,,,,,,,,"nt3InsCC, nt806InsGGG
",G135S,,,,,,,,,,,,"R517C, T534A","L315P, Q50*",,,,,,,DELETED,,E31G,,,,,,,,,,,A98T,G613S,,,,T78A,,,,,L117V,,H289R,,,,,,V164A,,,,,"G1242E, H734R",,,,,,,G431R,Not present,S612T,,,,,,,,,A641T,,,,,,,"D296A, A349T",R129C,R444H,,,,
005-2840,HUSE,SE05,1,"April 16, 2019",NEW1 ,NO,regular,8,I,4,I,0.5,S,0.5,I,>4,R,2,S,4,S,0.5,S,1,S,≤0.125,S,,,,,,,,,LESB58,V238L,,,,"nt535InsCC
",,,,,,,,,,,,,"nt111Δ1
",,,A21T,V373I,,,,,,,,,,H186N,,,,,,,,,,,,,,,,,T374A,I81S,,,,,,,,,,,,,S450P,,,,,Q4K,,,,T240I,,,H303R,,,,G366S,,,H341N,S610A,N223S,,,Y272F,T166I,,,,,,,,,,,,,DELETED,,,,,,,,,D405V,,,,,"P199L
",,,,,,,,,,,,,,,,,,A61V,,"K571E, S281A",,,"P116S, A150V","A136T, T211P
",,,,,,,Not present,,,,,V3D,,,,,V296I,,,,,,,,,,A467V,,
005-2269,HUSE,SE05,2,"February 10, 2020",NEW1 ,NO,regular,64,R,16,R,1,S,2,R,1,S,8,R,4,S,1,S,1,S,0.25,S,,nt1401Δ3,,,,,,,LESB58,V238L,,,,,,,,,,,,,,,,,"nt111Δ1
",,,"T671A, A21T",V373I,,,,,,,,,,H186N,,,,,,,,,,,,,,,,,T374A,I81S,,,,,,,,,,,,,,,,,,Q4K,,,,T240I,,,H303R,,,,G366S,,,H341N,S610A,N223S,,,Y272F,"T166I
",,,,,,,,,,,,,DELETED,,,,,,,,,D405V,,,,,"P199L
",,,,,,,,,,,,,,,,,,,,"K571E, S281A",,,"P116S, A150V","A136T, T211P
",,,,,,,Not present,,,,,V3D,,,,,V296I,,,,,,,,,,A467V,,
005-4672,HUSE,SE05,3,"March 22, 2021",360,NO,regular,32,R,8,I,4,I,1,R,2,S,2,S,8,S,4,S,2,S,0.5,S,,,,,,,,,F23197,,,,,nt378Δ13,,,,,,,,,nt395Δ2,,,,,,,,L89V,,,,,,,R155H,,,,,,,,,,,,,,,,,,,,,,,,,,,,,,,,,,,,,,,,,,,,D719A,T604A,,,,,,,,nt1162Δ3,"RH, KQ
",,,,,,,,,,,,,,,,,,DELETED,,,,,,,,,,,,,,,,,,P20S,,,,,,,,,,,,,,,,,,,,,,,,,,,Not present,,R126C,,,,,,,,,,,,,,"A4T, R532H",,,,,,
006-9800,HUSE,SE06,1,"October 22, 2019",242,NO,regular,8,I,16,R,0.5,S,0.25,I,1,S,1,S,2,S,0.5,S,2,S,0.25,S,,,,,,,,,LESB58,,,,,,,,,,,,,,,,,,,,,,,,,,,,,,,,,,,,,,,,,,,,,,,,,,,"P28Q, Q224H",,,,,,,,S104L,,,,,,,,,G23D,,,,,,,,,,,,,,,,V138L,,,,"E410K, K48E",,,,,G244S,,,,,,,,DELETED,,,,S91R,,,,,,,,T741S,,,,,,,,,,,,,,,,,,,,"G178S, K396E",,T257I,"H141Y, C54S",,,,,,,,L200V,S293L,Not present,,,,,,W81S,,,D621G,,,,,A652T,,H317P,,,,,,
006-7204,HUSE,SE06,2,"July 14, 2020",242,NO,regular,8,I,8,I,0.12,S,0.25,I,1,S,1,S,2,S,0.12,S,0.12,S,0.25,S,,,,,,,,,LESB58,,,,,,,,,,,,,,,,,,,,,,,,,,,,,,,,,,,,,,,,,,,,,,,,,,,"P28Q, Q224H",,,,,,,,S104L,,,,,,,,,G23D,,,,,,,,,,,,,,,,V138L,,,,"E410K, K48E",,,,,G244S,,,,,,,,DELETED,,,,S91R,,,,,,,,T741S,,,,,,,,,,,,,,,,,,,,"G178S, K396E",,T257I,"H141Y, C54S",,,,,,,,L200V,S293L,Not present,,,,,,W81S,,,D621G,,,,,A652T,,H317P,,,,,,
006-6855,HUSE,SE06,3,"February 18, 2021",242,NO,small colony variant,16,I,8,I,1,S,1,R,4,R,2,S,4,S,0.5,S,0.25,S,0.25,S,,,,,,,,,LESB58,,,,,nt407Δ11,,,,,,,,,,nt374Δ2,,,,,,,,,,,,,,,,,,,,,,,,,,,,,,,,,,,,"P28Q, Q224H",,,,,,,,S104L,,,,,,,,,G23D,,,,,,,,,,,,,,,,V138L,,,,"E410K, K48E",,,,,G244S,,,,,,,,DELETED,,,,S91R,,,,,,,,T741S,,,,,,,,,,,,,,,,,,,,"G178S, K396E",,T257I,"H141Y, C54S",,,,,,,,L200V,S293L,Not present,,,,,,W81S,,,D621G,,,,,A652T,,H317P,,,,,,
007-5966,HUSE,SE07,1,"September 12, 2019",279,NO,small colony variant,1,I,8,I,≤0.06,S,0.25,I,1,S,1,S,1,S,≤0.06,S,0.5,S,≤0.125,S,,,,,M184V,,,,MTB-1,,,,,nt404Δ1,,,,,,,,,,,,,,,,,,,,,,,,,,,,,,,,,,,,,,,,,,,,,,,,,,,,,,,,,,,,,,,,,,,,T572N,,,,,,,,,,,nt1462Δ12,,,DELETED,,,,,,,,,,,,,,,V1183I,,,"N387S, G120S",,,,,,,,,,,,,,,,,,,,,,,,,,,,,,,,,,,,,,,,Not present,,,,,,,,,,,,,,,,,A784D,,,,K360E,,
007-1155,HUSE,SE07,2,"August 4, 2020",279,NO,small colony variant,≤0.5,S/I,0.5,I,≤0.06,S,0.25,I,2,S,≤0.25,S,≤0.12,S,≤0.06,S,0.25,S,≤0.125,S,,,,,M184V,,,,MTB-1,,,,,nt404Δ1,,,,,,,,,,,,,,,,,,,,,,,,,,,,,,,,,,,,,,,,,,,,,,,,,,,,,,,,,,,,,,,,,,,,T572N,,,,,,,,,,,nt1462Δ12,,,DELETED,,,,,,,,,,,,,,,V1183I,,,"N387S, G120S",,,,,,,,,,,,,,,,,,,,,,,,,,,,,,,,,,,,,,,,Not present,,,,,,,,,,,,,,,,,A784D,,,,K360E,,
007-8998,HUSE,SE07,3,"February 10, 2021",279,NO,small colony variant,≤0.5,S/I,1,I,≤0.06,S,0.25,I,1,S,0.5,S,0.5,S,≤0.06,S,0.12,S,≤0.125,S,,,,,M184V,,,,MTB-1,,,,,nt404Δ1,,,,,,,,,,,,,,,,,,,,,,,,,,,,,,,,,,,,,,,,,,,,,,,,,,,,,,,,,,,,,,,,,,,,T572N,,,,,,,,,,,nt1462Δ12,,,DELETED,,,,,,,,,,,,,,,V1183I,,,"N387S, G120S",,,,,,,,,,,,,,,,,,,,,,,,,,,,,,,,,,,,,,,,Not present,,,,,,,,,,,,,,,,,A784D,,,,K360E,,
008-5924,HUSE,SE08,1,"January 16, 2019",NEW2,NO,small colony variant,2,I,2,I,1,S,4,R,1,S,8,R,2,S,1,S,0.5,S,2,S,,,,,,,,,LESB58,,,V910L,,,,,,F221L,,,,T83A,,,,,,nt849Δ1,K308R,,,,,,,,,R12H,,,,,,,,,,,,,,,,,,,,"T335A, S469G",A729S,,,,,,,,,V466A,D301E,,,,V4M,P673L,,E272D,,,A101T,,I150V,,,S400N,,,"R574H, R376H",,,,,,,"P66L, R743H",,,,,,"C20R, Y50F",R142H,,,,,,,,,"S371N, D438N",A285V,"K4516R, G4479E, V2372D, A2061V, P1519R",,,,,,,"S504N, A562V",,,,,,,,,,,,,,,"V23A, G163S",,,,R13H,,,,,,,,nt88Δ1,,,,,,,"E806G, A384V",Not present,,,,,,,Y297H,,,,,,,,,,,,,,D224G,,
008-1318,HUSE,SE08,2,"December 19, 2019",NEW2,NO,regular,2,I,2,I,0.5,S,4,R,0.5,S,4,S,1,S,0.5,S,0.5,S,0.5,S,,,,,,,,,LESB58,,,V910L,,,,,,F221L,,,,T83A,,,,,,nt849Δ1,K308R,,,,,,,,,R12H,,,,,,,,,,,,,,,,,,,,"T335A, S469G",A729S,,,,,,,,,V466A,D301E,,,,V4M,P673L,,E272D,,,A101T,,I150V,,,S400N,,,"R574H, R376H",,,,,,,"P66L, R743H",,,,,,"C20R, Y50F",R142H,,,,,,,,,"S371N, D438N",A285V,"K4516R, G4479E, V2372D, A2061V, P1519R",,,,,,,"S504N, A562V",,,,,,,,,,,,,,,"V23A, G163S",,,,R13H,,,C80R,,,,,nt88Δ1,,,,,,,"E806G, A384V",Not present,,,,,,,Y297H,,,,,,,,,,,,,,D224G,,
008-4371,HUSE,SE08,3,"November 13, 2020",NEW2-trpE,NO,regular,>32,R,>32,R,16,R,2,R,0.5,S,8,R,8,S,4,S,2,S,2,S,,,,,V324A,,,,LESB58,,P51S,V910L,,,,,,,"R310Q, L894P",,,T83A,,,,,E126K,,,,Y155C,,,,R149C,,,R12H,A520T,,,,,,,,,,,,,,,,,,,,A729S,,,,,,,,,"G111S, V466A",D301E,,,,"L128P, V4M",P673L,,E272D,,,,,,,,S400N,,,"R574H, R376H",,,,,,,"P66L, R743H",,,,,,"E49K, Y50F",Q203*,,,,,,,N14S,,"A436T, S489G, D438N","S2401N, P128S, A285V","K4516R, G4479E, V2372D, A2061V, P1519R",L125P,,,,,,"S504N, A562V",,,nt46InsC,,,,,,,,,,,,"I291T, G163S",,,,R13H,,,,,,,,G835R,,,,,,,"E806G, A384V",Not present,,,,,,,"L22F, Y297H","D279N, D406G",,,,,,,,,,,,,D224G,,
009-9593,HUSE,SE09,1,"November 29, 2018",1109,NO,regular,≤0.5,S/I,32,R,4,I,2,R,0.5,S,2,S,0.5,S,2,S,1,S,4,R,,,,Q90X,,,,W138X,LESB58,,,"A400T, G287S",,,,,"T102A, L241P",E283A,,,R371H,D87N,C92Y,,,,V384M,,"D154G, V239A","Q678L, A608V, A481V",P527S,,,,,,,R287Q,,,,,,,,,,,,,,,,,,,,G586S,E568K,,,,,,,Q161E,V60L,,,,,,,,,,,,,,,R33*,V654I,,,,,"G459D, D721G",,,,,P34R,,DELETED,DELETED,"R651H, A572V",,,,,,"L446P, G469S",,,A127V,,,,DELETED,,,V26M,R22C,nt900InsC,,G235S,,,,,,P102L,"G394S, D118G, A658V",,,,,G660D,,,,,,,,Y620C,,,A13T,,F709V,P26S,,"P180H, A83T","P1784S, V1183L",G317S,,,,,,V616I,"D486G, E397G",Not present,,,,"G285S, G616S",,,,,"A649T, V861M",,,,Q77R,S610G,,,,,,,,
009-3047,HUSE,SE09,2,"November 22, 2019",1109,YES,regular,16,I,>32,R,4,I,2,R,>4,R,1,S,0.5,S,1,S,1,S,8,R,,,,Q90X,,,,W138X,LESB58,G74R,,"A400T, G287S",,,,,"T102A, L241P",E283A,,,R371H,D87N,,,,P442L,V384M,,"D107G, D154G, V239A","Q678L, A608V, A481V",P527S,,,,,,,"L171P, R287Q",,,,,,,,,,,,,,,T562A,,,,,G586S,,,,,,,,Q161E,V60L,,,,,,,,,A47V,,,,,,,V654I,,,,,D721G,,,,,P34R,,DELETED,DELETED,A572V,,,,,,"L446P, G469S",,,A127V,,,,DELETED,,,V26M,R22C,,,G235S,,,,,,P102L,"D118G, A658V",,,,,G660D,,,,,,,,Y620C,,,,,F709V,"P26S, P192L",,"P180H, A83T","P1784S, V1183L",,,,,,,V616I,"D486G, E397G",Not present,,,,,,,,,"A649T, V861M",,,,Q77R,S610G,,,,,,,,
009-0786,HUSE,SE09,3,"December 9, 2020",1109,NO,regular,1,I,>32,R,4,I,1,R,>4,R,2,S,2,S,1,S,2,S,4,R,,,,Q90X,,,,W138X,LESB58,,,"A400T, G287S",,,,,"T102A, L241P",E283A,,,R371H,D87N,,,,,V384M,,"D154G, V239A","Q678L, A608V, A481V",P527S,,,,,,,R287Q,,,,,,,,,,,,,,,,,,,,G586S,,,,,,,,Q161E,V60L,,,,,,,,,,,,,,,,V654I,,,,,D721G,,,,,P34R,,DELETED,DELETED,A572V,,,,,,"L446P, G469S",,,A127V,,,,DELETED,,,V26M,R22C,,,G235S,,,,,,P102L,"D118G, A658V",,,,,G660D,,,,,A69T,,,Y620C,,,,,F709V,P26S,,"P180H, A83T","P1784S, V1183L",,,,,,,V616I,"D486G, E397G",Not present,,,,,,,,,"A649T, V861M",,,,Q77R,S610G,,,,,,,,
010-6443,HUSE,SE10,1,"December 11, 2017",360,NO,regular,16,I,2,I,4,I,0.25,I,2,S,1,S,2,S,2,S,0.25,S,0.5,S,,,,,,,,,F23197,,,,,,,,,,,,,,nt395Δ2,,,,,,,,V373I,,,,,,,,,,,,,,,,,,,,,,,,,,,,,,,,,,,,,,,,,,,,,,,,,,,D719A,T604A,,,,,,,,,,,,,,,,,,,,,,,,,,,DELETED,,,,,,,,,,,,,,,,,,,,,,,,,,,,,,,,,,,,,,,,,,,,,Not present,,R126C,,,,,,,,,,,,,,"A4T, R532H",,,,,,
010-6518,HUSE,SE10,2,"February 21, 2019",360,NO,regular,16,I,8,I,2,S,0.5,I,2,S,2,S,4,S,4,S,0.25,S,0.5,S,,,,,,,,,F23197,,,,,,,,,,,,,,nt395Δ2,,,,,,,A21T,V373I,,,,,,,,,,,,,,,,,,,,,,,,,,,,,,,,,,,,,,,,,,,,,,,,,,,D719A,T604A,,,,,,,,,,,,,,,,,,,,,,,,,,,DELETED,,,,,,,,,,,,,,,,,,,,,,,,,,,,,,,,,,,,,,,,,,,,,Not present,,R126C,,,,,,,,,,,,,,"A4T, R532H",,,,,,
010-7858,HUSE,SE10,3,"January 21, 2020",360,NO,regular,16,I,8,I,2,S,0.5,I,2,S,2,S,4,S,1,S,1,S,≤0.125,S,,,,,,,,,F23197,,,,,,,,,,,,,,,T50P,,,,,,,V373I,,,,,,,,,,,,,,,,,,,,,,,,,,,,,,,,,,,,,,,,,,,,,,,,,,,D719A,T604A,,,,,,,,,,,,,,,,,,,,,,,,,,,DELETED,,,,,,,,,,,,,,,,,,,,,,,,,,,,,,,,,,,,,,,,,,,,,Not present,,R126C,,,,,,,,,,,,,,"A4T, R532H",,,,,,
011-4349,HUSE,SE11,1,"October 23, 2017",198,NO,regular,16,I,4,I,1,S,0.5,I,2,S,1,S,4,S,1,S,1,S,0.25,S,,,,I63V,,,,,PAO1,,,A772T,,,,,,,G1056D,D102N,,,,,,,,,,,,,,,,,,,P683S,,,,,,,,,,,,,,,,,,,,,,,,,,,,,,,L205W,,,,,,,,,,,,,,,,,,,,,,,,E794K,,,G707W,,,,,,,,,,,,,,I209V,"A3488V, K2839T, R1729H, G1408S",,,,,,,,,,,,,,,,,,,,,G146A,,,,,,,,,,,,,"G1501S
, R1C
",,,,,,,,Not present,,D49E,,,,,,,,,,,L355I,,,,"AT, DA
",,,,,,nt650InsGGG
011-8664,HUSE,SE11,2,"July 8, 2019",2475,NO,regular,4,I,4,I,2,S,0.12,I,2,S,1,S,2,S,0.5,S,1,S,0.5,S,,,,,,,,T159I,F23197,,,A772T,,,,,,,,,,,,,,,,,,,,,,,,,,,,,,,,,,,,,,,,,,,,,,,,"V118E, V132M",,,,,,,,,,,,,,I438T,,,,,,,,"D301H, H385L, T486I, Q539R",,"D86N, R140C",,,,,S591N,E131D,,,,,,,,,,,,,A291V,,,,,,,,,"R86L
",,I205V,,,,,,,,,,,,,,,,,,,,,,H65Y,,,,,nt1030Δ1,,,,,,,F9L,,,W690R,,,,Not present,,,,,G296R,,,,,,,,,,,"ED, G545D
",,,,,,
011-7257,HUSE,SE11,3,"February 3, 2020",2475,NO,regular,16,I,4,I,1,S,0.5,I,2,S,2,S,4,S,1,S,1,S,0.25,S,,,,,,,,T159I,F23197,,,A772T,,,,,,,,,,,,,,,,,,,,,,,,,,,,,,,,,,,,,,,,,,,,,,,,"V118E, V132M",,,,,,,,,,,,,,I438T,,,,,,,,"D301H, H385L, T486I, Q539R",,"D86N, R140C",,,"G215S
",,S591N,E131D,,,,,,,,,,,,,A291V,,,S145P,,,,,,"R86L
",,I205V,,,,,,,,,,,,,,,,,,,,,,H65Y,,,,,nt1030Δ1,,,,,,,F9L,,,W690R,,,,Not present,,,,,G296R,,,,,,,,,,,"ED, G545D
",,,,,,
012-0969,HUSE,SE12,1,"July 31, 2018",277,NO,regular,2,I,2,I,0.25,S,0.25,I,1,S,2,S,4,S,0.25,S,1,S,≤0.125,S,,,,Y157X,,,,,F23197,,,,,,,,,,,,,,,,,,,,,,,,,,,,,,,,,,,,,,,,,,,,,,,,,,,,,,,,,,,,,,,,,,,,,,,,,,,,,,,,,,,,,,,,,,,,,,,,,,,,DELETED,DELETED,,,,,,,,,,,,,,,,,,,,,,,,,,,,,,,,,,,,,,,,,T553S,,,,Not present,,,,,,,,,,,,,,,,,,,,,,
012-2742,HUSE,SE12,2,"July 26, 2019",277,NO,regular,1,I,2,I,0.5,S,0.25,I,2,S,2,S,2,S,0.12,S,0.5,S,0.25,S,,,,Y157X,,,,,F23197,,,,,,,,,,,,,,,,,,,,,,,,,,,,,,,,,,,,,,,,,,,,,,,,,,,,,,,,,,,,,,,,,,,,,,,,,,,,,,,,,,,,,,,,,,,,,,,,,,,,DELETED,DELETED,,,,,,,,,,,,,,,,,,,,,,,,,,,,,,,,,,,,,,,,,T553S,,,,Not present,,,,,,,,,,,,,,,,,,,,,,
012-2760,HUSE,SE12,3,"July 2, 2020",277,NO,regular,≤0.5,S/I,2,I,0.5,S,0.25,I,1,S,1,S,1,S,0.25,S,2,S,≤0.125,S,,,,Y157X,,,,,F23197,,,,,,,,,,,,,,,,,,,,,,,,,,,,,,,,,,,,,,,,,,,,,,,,,,,,,,,,,,,,,,,,,,,,,,,,,,,,,,,,,,,,,,,,,,,,,,,,,,,,DELETED,DELETED,,,,,,,,,,,,,,,,,,,,,,,,,,,,,,,,,,,,,,,,,T553S,,,,Not present,,,,,,,,,,,,,,,,,,,,,,
013-1387,HUSE,SE13,1,"May 11, 2017",1123,NO,regular,8,I,4,I,1,S,0.5,I,1,S,2,S,4,S,0.5,S,1,S,≤0.125,S,,,,,,,,D43N,F23197,,,,,,,,,V156A,,,,,T188A,,,,,,,,,,,,,,,,,,,,,,,,,,,,,,,,,,,,"A271V, N334I",,,,,,,,,T728M,S33R,,,,,,A113G,,,,,,,,S538N,,,,,,G429A,,,,V218A,,,"V163I, N606D",,,,,,,,,,H383Y,,,DELETED,DELETED,,,,,,,L19P,,,,,,,,,,,,,,,,,,,,Q209P,,,,,T67K,D207N,P558S,,"G1779S, A1763T, A636V, H548Y, E139D",D142N,,,"A292S, C99G",,,,,Not present,,,,,,,,,,,,"Q65L, L8P",,R620C,,,,,,A516V,,
013-2748,HUSE,SE13,2,"June 7, 2018",1123,NO,mucoid,16,I,4,I,2,S,0.5,I,2,S,1,S,4,S,2,S,0.5,S,0.5,S,,,,,,,,D43N,F23197,,,,,,,,,V156A,,,,,T188A,,,,,,,,,,,,,,,,,,,,,,,,,,,,,,,,,,,,"A271V, N334I",,,,,,,,,T728M,S33R,,,,,,A113G,,,,,,,,S538N,,,,,,G429A,,,,V218A,,,"V163I, N606D",,,,,,,,,,H383Y,,,DELETED,DELETED,,,,,,,L19P,,,,,,,,,,,,,,,,,,,,Q209P,,,,,T67K,D207N,P558S,,"G1779S, A1763T, A636V, H548Y, E139D",D142N,,,"A292S, C99G",,,,,Not present,,,,,,,,,,,,"Q65L, L8P",,R620C,,,,,,A516V,,
013-0154,HUSE,SE13,3,"June 20, 2019",1123,NO,regular,8,I,4,I,0.5,S,0.5,I,2,S,2,S,4,S,0.5,S,0.5,S,≤0.125,S,,,,,,,,D43N,F23197,,,,,,,,,V156A,,,,,T188A,,,,,,,,,,,,,,,,,,,,,,,,,,,,,,,,,,,,"A271V, N334I",,,,,,,,,T728M,S33R,,,,,,A113G,,,,,,,,S538N,,,,,,G429A,,,,V218A,,,"V163I, N606D",,,,,,,,,,H383Y,,,DELETED,DELETED,,,,,,,L19P,,,,,,,,,,,,,,,,,,,,Q209P,,,,,T67K,D207N,P558S,,"G1779S, A1763T, A636V, H548Y, E139D",D142N,,,"A292S, C99G",,,,,Not present,,,,,,,,,,,,"Q65L, L8P",,R620C,,,,,,A516V,,
014-5818,HUSE,SE14,1,"January 22, 2018",319,NO,regular,8,I,4,I,0.25,S,0.032,I,2,S,0.25,S,2,S,0.12,S,0.25,S,≤0.125,S,,,,,,,,,UCBPP-PA14,,,,,,,,,T202P,,,V289I,,,,,S376N,,,,,,,,,,,,,,A342V,,,,,,,,,,,,,,,,,,,,P102L,,,,,,A34V,,,"V277I, V19A",,,,,,R65L,,,,,,G550D,K506N,,,,,,,V496D,,,D811N,G24S,D440N,,DELETED,,,,,,,D47E,,,,,,DELETED,DELETED,,,A75D,,"T123A, A97V",,,,,R616H,,"P370A, A352T, A90G",,,,T98S,,,A26T,,,,,E148A,,,,,,,,,V37M,,D303G,,"R59Q, D145N",,,,,,A430V,Not present,T411I,,,,,,,T691P,,A622V,,,,,,,,,,,L350Q,,
014-4688,HUSE,SE14,2,"April 11, 2019",319,NO,regular,2,I,4,I,0.12,S,1,R,1,S,2,S,2,S,≤0.06,S,1,S,≤0.125,S,,,,,nt68InsG,,,,UCBPP-PA14,,,,,nt373Δ1,,,,T202P,,,V289I,D87G,,,,S376N,,,,,,,,,,,,,,A342V,,,,,,,,,,,,,,,,,,,,P102L,,,,,,A34V,,,"VL, V277I, V19A",,,,,,R65L,,,,,,G550D,K506N,,,,,,,V496D,,,D811N,G24S,D440N,,DELETED,,,,,,,D47E,,,,,,DELETED,DELETED,,,V43A,,"T123A, A97V",,,,,R616H,,"P370A, A352T, A90G",,,,T98S,,,A26T,,,,,E148A,,,,,,,,,V37M,,D303G,,"R59Q, D145N",,,,,,A430V,Not present,T411I,,,,,,,T691P,,A622V,,,,,,,,,,,L350Q,,
014-4114,HUSE,SE14,3,"October 31, 2019",319,NO,regular,4,I,4,I,0.25,S,4,R,1,S,2,S,2,S,≤0.06,S,1,S,≤0.125,S,,,,,nt68InsG,,,,UCBPP-PA14,,,,,nt373Δ1,,,,T202P,,,V289I,D87G,,,,S376N,,,,,,,,,,,,,,A342V,,,,,,,,,,,,,,,,,,,,P102L,,,,,,A34V,,,"V277I, V19A",,,,,,R65L,,,,,,G550D,K506N,,,,,,,V496D,,,D811N,G24S,D440N,,DELETED,,,,,,,D47E,,,,,,DELETED,DELETED,,,V43A,,"T123A, A97V",,,,,R616H,,"P370A, A352T, A90G",,,,T98S,,,A26T,,,,,E148A,,,,,,,,,V37M,,D303G,,"R59Q, D145N",,,,,,A430V,Not present,T411I,,,,,,,T691P,,A622V,,,,,,,,,,,L350Q,,
015-8860,HUSE,SE15,1,"May 24, 2019",412,NO,regular,32,R,16,R,4,I,2,R,1,S,1,S,2,S,2,S,2,S,≤0.125,S,"aadA1, aadA2, cmlA1",S466A,,,,,,nt389Δ11,LESB58 ,M323V,M59I,,,nt227Δ1,,,,,,,"N110Y, A340T",,Y89X,,,,,,,,,,,,F118S,,,,,,,,,,,,,,,,,,,,,,,,,,,,,,,,,"R423C, P424T",,,,,,D286G,,,E648K,,,,,,,"Q405*, P103L,  G575S",,,,,,,,V768A,,A116T,,,,,,,,,A218V,,,,,,DELETED,DELETED,,,P105Q,S13P,,,,,,,,nt1322Δ1,,L280F,,,,,,,A8V,,,, S572N,,,,,,,,,,,"nt4351InsGGGCGATCAACT, V1751M",,F22L,,,K655N,,"E553K, P390H, A143V",Not present,,,,,,,,"M289K, D414Y
,D572V
",,R640H,,,A51T,,G104S,,V530L,,,,V431L,,D291H
015-7676,HUSE,SE15,2,"March 22, 2020",412,NO,mucoid,32,R,16,R,2,S,2,R,1,S,1,S,2,S,1,S,2,S,≤0.125,S,"aadA1, aadA2, cmlA1",S466A,,,,,,nt389Δ11,LESB58 ,M323V,M59I,,,nt227Δ1,,,,,,,"N110Y, A340T",,Y89X,,,,,,,,,,,,F118S,,,,,,,,,,,,,,,,,,,,,,,,,,,,,,,,,"R423C, P424T",,,,,,D286G,,,E648K,,,,,,,"Q405*, P103L,  G575S",,,,,,,,V768A,,A116T,,,,,,,,,A218V,,,,,,DELETED,DELETED,,,P105Q,S13P,,,,,,,,nt1322Δ1,,L280F,,,,,,,A8V,,,, S572N,,,,,,,,,,,V1751M,,F22L,,,K655N,,"E553K, P390H, A143V",Not present,,,,,,,,"M289K, D414Y
,D572V
",,R640H,,,A51T,,G104S,,V530L,,,,V431L,,D291H
015-4963,HUSE,SE15,3,"March 10, 2021",412,NO,mucoid,≤0.5,S/I,1,I,1,S,2,R,1,S,0.5,S,0.5,S,0.5,S,0.5,S,≤0.125,S,aadA8b,S466A,,,,,,L11Q,LESB58,M323V,M59I,,,nt227Δ1,,,,,,,,,,,,,,,,,,,,,F118S,,,,,,,,,,,,,,,,,,,,,,,,,,,,,,,,,"R423C, P424T",,,,,,D286G,,,E648K,,,,,,,"P103L,  G575S",,,,,,,,V768A,,A116T,,,,,,,,,A218V,,,,,,DELETED,DELETED,,,,S13P,,,,,,,,,,L280F,,,,,,,A8V,,,, S572N,,,,,,,,,,,V1751M,,F22L,,,K655N,,"E553K, P390H, A143V",Not present,,,,,,,,,,R640H,,,A51T,,,,V530L,,,,,,D291H
016-2856,HUSE,SE16,1,"November 29, 2017",252,NO,mucoid,>64,R,>32,R,16,R,0.5,I,1,S,2,S,8,S,8,S,4,R,2,S,,,,,,,,,LESB58,,,,,,E161G,,,,,,,,,,,,,,,,,,,,,,,,,,,,,,,,,,,,,,,,,,,,G405A,,,,,,,,,,,,,,,"D530V, R10L",,"D433E
",,,,,,,,G681S,,,,,,,,,,,DELETED,DELETED,DELETED,DELETED,DELETED,DELETED,DELETED,DELETED,DELETED,DELETED,DELETED,DELETED,DELETED,DELETED,DELETED,DELETED,DELETED,DELETED,,,,,V590M,,,nt356Δ13,,,,G218S,,,,,,,,,,V311I,,,,,,,,A8T,,,,"P1529S, S1510L, A1065S, P850L, A843T, S801N, D725N",D186G,,,,,,,Not present,,,,,,A283T,,,,,,,,,,,,,,,,,
016-0109,HUSE,SE16,2,"June 21, 2018",252,NO,regular,16,I,8,I,4,I,2,R,2,S,2,S,4,S,4,S,2,S,2,S,,,,,,,,,LESB58,,,,,A144V,E161G,,,,,,,,,,,,,,,,,,,,,,,,,,,,,,,,,,,,,,,,,,,,G405A,,,,,,,,,,,,,,,"D530V, R10L",,"D433E
",,,,,,,,G681S,,,,,,,,,,,DELETED,DELETED,DELETED,DELETED,DELETED,DELETED,DELETED,DELETED,DELETED,DELETED,DELETED,DELETED,DELETED,DELETED,DELETED,DELETED,DELETED,DELETED,,,,,V590M,,,nt356Δ13,,,,G218S,,,,,,,,,,V311I,,,,,,,,A8T,,,,"P1529S, S1510L, A1065S, P850L, A843T, S801N, D725N",D186G,,,,,,,,Not present,,,,,A283T,,,,,,,,,,,,,,,,,
016-4264,HUSE,SE16,3,"April 19, 2019",408,NO,regular,2,I,2,I,1,S,0.5,I,2,S,0.5,S,1,S,0.5,S,0.5,S,≤0.125,S,,,,,,,,,FRD1,V238L,,,,,,,,,,,,,,,,,A356V,,,,,,,,,,,,,,,,,,,,,,,,,,,,,,,Q705R,,,,,,,,,,,"V749M, P130S
",,,,,,,,A398T,,,,,A25G,,,,,,,,,,,,,,DELETED,,,,,,,,,,,,,,,,,,,H696N,,,,,,,,,,,,,,,,,,,,,,G578,,,,nt1030Δ1,,,,,,,,,P112L,,,,,Not present,,,,,,,,,,,,,,,,,,,A278G,,,A189V
017-0755,HUSE,SE17,1,"February 7, 2017",274,YES,regular,64,R,32,R,2,S,4,R,0.25,S,2,S,2,S,1,S,2,S,0.5,S,,nt2067InsGACTAC,,G72D,D153G,A53V,,nt839insC,LESB58,E91K,,V875M,,nt596Δ1,,,,,,,,T83I,,,,,,,,Y683S,,Q51X,,,,,T116I,R259C,,P559L,,,,,,,,,,,,,I18S,,,,,,,P177T,,,,,,,,,,,,,,,,,,G29D,,,T203A,L63F,,,,,,G698D,,,,,V121A,,,,,,,,,,,,,,,,,DELETED,,,,,,,,,L205M,,F67L,,A98T,,,,,,,,,,L117V,,,,,,R6C,,,,,,,,"P8S, E382K
",,,,,,,Not present,S612T,,,V19A,,,,,,"T68I, V288A",,,,,nt1InsG,,D296A,,"Y10C, G300S, R444H",,,,
017-3115,HUSE,SE17,2,"March 16, 2018",274,NO,mucoid,>64,R,16,R,1,S,1,R,1,S,2,S,2,S,0.5,S,0.25,S,≤0.125,S,,,,,,,,,LESB58,,,V875M,,E71X,,deleted,deleted,deleted,deleted,deleted,,,,,,,nt1260InsC,,,Y683C,,,,,,,,,,,,,,,,,,,,,,,,,,,,,,P177T,,,,,,,,,,,,,,,,,,,,,T203A,L63F,,,,,,,,,,,,,,,,,,,,,,,,,,,,DELETED,,,,,,,,,L205M,,,,A98T,,,,,,,,,,L117V,,,,,,R6C,,,,,,,,,,,,,,,Not present,S612T,,,,,,,,,,,,,,S84N,,D296A,,R444H,,,,
017-8321,HUSE,SE17,3,"March 11, 2020",274,NO,regular,>64,R,32,R,2,S,0.5,I,2,S,2,S,4,S,1,S,0.5,S,≤0.125,S,,,,,,,,,LESB58,,,V875M,,,,deleted,deleted,deleted,deleted,deleted,,,,,,,nt1260InsC,,,Y683C,,,,,,,,,,,,,,,,,,,,,,,,,,,,,,P177T,,,,,,,,,,,,,,,,,,,,,T203A,L63F,,,,,,,,,,,,,,,,,,,,,,,,,,,,DELETED,,,,,,,,,L205M,,,,A98T,,,,,,,,,,L117V,,,A446T,,,R6C,,,,,,,,,,,,,,,Not present,S612T,,,,,,,,,,,,,,S84N,,D296A,,R444H,,,,
018-9439,HUSE,SE18,1,"February 25, 2016",312,NO,regular,32,R,8,I,8,I,1,R,1,S,2,S,8,S,8,S,1,S,0.25,S,,,nt273Δ2,,,,,,MTB-1,A29V,,,,,,deleted,deleted,deleted,deleted,deleted,,,,,,,,,,,,,,,R225C,,,,,,,,,,,,,,,,,,,,,,,,,,,,,E141D,,,,,,,,,,,,,,,,,,,,,,,,,,,R359C,,,,,DELETED,,,,,I21L,,,,,,,,,,E2372D,,,,,,,,,,,,,,,,,,,,,,,,G586S,F157S,,,,,,,,,,,,,,,S165A,,,Not present,,,,,,,,,,P692T,,A30V,Q90L,,,,,,,,,,S285T
018-6285,HUSE,SE18,2,"March 8, 2017",312,NO,regular,4,I,2,I,2,S,0.5,I,0.5,S,0.5,S,1,S,2,S,1,S,≤0.125,S,,,,,,,,,MTB-1,A29V,,,,,,deleted,deleted,deleted,deleted,deleted,,,,,,,,,,,,,Q234X,,R225C,,,,,,,,,,,,,,,,,,,,,,,,,,,,,E141D,,,,,,,,,,,,,,,,,,,,,,,,,,,R359C,,,,,DELETED,,,,,I21L,,,,,,,,,,E2372D,,,,,,,,,,,,,,,,,,,,,,,,G586S,,,,,,,,,,,,,,,,,,,Not present,,,,,,,,,,P692T,,A30V,Q90L,,,,,,,,,,S285T
018-7126,HUSE,SE18,3,"February 12, 2019",312,NO,regular,64,R,16,R,4,I,2,R,0.25,S,2,S,2,S,4,S,1,S,≤0.125,S,,S466F,,,,,,,MTB-1,A29V,,,,,,deleted,deleted,deleted,deleted,deleted,,,,,,,,,,,,,Q234X,,R225C,,,,,,,,,,,,,,,,,,,,,,,,,,,,,E141D,,,,,,,,,,,,,,,,,,,,,,,,,,,R359C,,,,,DELETED,,,,,I21L,,,,,,,,,,E2372D,,,,,,,,,,,,,,,,,,,,,,,,G586S,,,,,,,,,,,,,,,,,,,Not present,,,,,,,,,,P692T,,A30V,Q90L,,,,,,,,,,S285T
019-9746,HUSE,SE19,1,"February 11, 2016",1092,NO,regular,≤0.5,S/I,1,I,≤0.06,S,1,R,1,S,0.5,S,0.25,S,≤0.06,S,0.12,S,≤0.125,S,,,,,,,,,LESB58,,,,,,,,,,,R363H,,,,,,,,,,R680C,,,,,,,,,,,,,,,,,,,,,,,,,,,,,P14H,,,,,,,,P247S,E31D,E473Q,,,,,,,,,,G88D,,,,D328G,,,,,,T616A,,,,,,,,S759N,,,,,,F312L,,"P64L, I132T",,,,,DELETED,,"A1016G, D423Y",,,"W646R, D577G",,,,,,,"L665M, A91V",,E223K,,,,,,,,,,,,A114S,,,,,P18L,,,,,,,,,G181E,,,,Not present,"T333I, P522L, T605I, A655",,,,,,,V601A,,V799I,,,,,,,,,,,,,P171T
019-0943,HUSE,SE19,2,"August 11, 2016",1092,NO,regular,16,I,4,I,≤0.06,S,2,R,1,S,1,S,2,S,≤0.06,S,0.25,S,≤0.125,S,,,,,,,,,LESB58,,,,,,,,,,,R363H,,,,,,,,,,R680C,,,,,,,,,,,,,,,,,,,,,,,,,,,,,P14H,,,,,,,,P247S,E31D,E473Q,,,,,,,,,,G88D,,,,D328G,,,,,,T616A,,,,,,,,S759N,,,,,,F312L,,"P64L, I132T",,,,,DELETED,,"A1016G, D423Y",,,"W646R, D577G",,,,,,,"L665M, A91V",,E223K,,,,,,,,,,,,A114S,,,,,P18L,,,,,,,,,G181E,,,,Not present,"T333I, P522L, T605I, A655",,,,,,,V601A,,V799I,,,,,,,,,,,,,P171T
019-6618,HUSE,SE19,3,"November 28, 2018",1092,NO,regular,≤0.5,S/I,0.5,I,≤0.06,S,1,R,1,S,0.25,S,0.5,S,≤0.06,S,0.12,S,≤0.125,S,,,,,,,,,LESB58,,,,,,,,,,,R363H,,,,,,,,,,R680C,,,,,,,,,,,,,,,,,,,,,,,,,,,,,P14H,,,,,,,,P247S,E31D,E473Q,,,,,,,,,,G88D,,,,D328G,,,,,,T616A,,,,,,,,S759N,,,,,,F312L,,"P64L, I132T",,,,,DELETED,,"A1016G, D423Y",,,"W646R, D577G",,,,,,,"L665M, A91V",,E223K,,,,,,,,,,,,A114S,,,,,P18L,,,,,,,,,G181E,,,,Not present,"T333I, P522L, T605I, A655",,,,,,,V601A,,V799I,,,,,,,,,,,,,P171T
020-3695,HUSE,SE20,1,"November 17, 2016",1072,NO,regular,>64,R,>32,R,1,S,0.5,I,0.5,S,2,S,2,S,1,S,1,S,0.25,S,,,,N269S,R716C,,"P55S, D7E",,MTB-1,,,,,V43G,,,,,,,nt521InsAAGGTCAACGTGCAG,,,,,,,,,,,,,,,T140P,,,,,L192F,,,,,,,,,,,,,,,,,,R694H,,,,,,,,H262Y,,"D424A, A420D, A416T",,,,,,,Q423*,N698S,,,,A544T,,G531D,,,,,,,,,S22N,L384Q,,,DELETED,L31M,,A158T,,,,S33T,,,,V14I, E65G,,DELETED,,,,,,,,,,,,"V506A, D474G, A368V, E341G, V77M",,,,,,,,,,,,"V57I, I73V",,,,,,,,,,,,"R1809Q, A1754P, A1497S, D652G",,R238H,,D130V,,,,Not present,,,,G150D,,,,E654V,,D770G,,,,,,,,,"S395R, V184I",,,,
020-628,HUSE,SE20,2,"October 11, 2017",1072,NO,regular,>64,R,>32,R,2,S,1,R,2,S,8,R,8,S,0.5,S,1,S,0.5,S,,,,N269S,R716C,,"P55S, D7E",,MTB-1,,,,,V43G,,,,,,,,,,,,,,,,,,,,,,T140P,,,,,L192F,,,,,,,,,,,,,,,,,,R694H,,,,,,,,H262Y,,"D424A, A420D, A416T",,,,,,,Q423*,N698S,,,,A544T,Q515*,G531D,,,,,,,,,S22N,L384Q,,,DELETED,L31M,,A158T,,,,,,,,V14I, E65G,,DELETED,,,,,,,,,,,,"V506A, D474G, A368V, E341G, V77M",,,,,,,,,,,,"V57I, I73V",,,,,,,,,,,,"R1809Q, A1754P, A1497S, D652G",,R238H,,D130V,,,,Not present,,,,,,,,E654V,,D770G,,,,,,,,,"S395R, V184I",,,,
020-0447,HUSE,SE20,3,"July 30, 2018",1072,NO,regular,64,R,16,R,≤0.06,S,0.5,I,0.5,S,4,S,4,S,≤0.06,S,0.06,S,≤0.125,S,,,,N269S,R716C,,"P55S, D7E",,MTB-1,,,,,W185X,,nt769Δ1,V266F,,,,,,,,,,,,,,,,,,,T140P,,,,,L192F,,,,,,,,,,,,,,,,,,R694H,,,,,,,,H262Y,,"D424A, A420D, A416T",,,,,,,Q423*,N698S,,,,A544T,,G531D,,,,,,,,,S22N,L384Q,,,DELETED,L31M,,A158T,,,,,,,,V14I, E65G,,DELETED,,,,,,,,,,,,"V506A, D474G, A368V, E341G, V77M",,,,,,,,,,,,"V57I, I73V",,,,,,,,,,,,"R1809Q, A1754P, A1497S, D652G",,R238H,,D130V,,,,Not present,,,,,,,,E654V,,D770G,,,P415L,,,,,,"S395R, V184I",,,,
021-9884,HUSE,SE21,1,"February 15, 2016",198,NO,regular,8,I,8,I,1,S,0.5,I,1,S,2,S,4,S,0.5,S,1,S,0.25,S,,,,I63V,,,,,PAO1,,,"G978D, A772T",,,,,,,G1056D,"D102N, A162V",,,,,,,,,,,,,,,,,,,P683S,,,,,,,,,,,,,,,,,,,,,,,,,,,,,,V214I,L205W,,,,,,,,,,,,,,,,,,,,,,,,E794K,,,,,,,,,,,,,,,,,"H976Q, V951A,  I209V","K2839T, R1729H, G1408S",,,,,,,,,,,,V194A,,,,,,,,,G146A,,,,,,,,,,,,,,,,,,,,,Not present,,D49E,,,,,,,,,,,,,,,,,,,,,
021-2955,HUSE,SE21,2,"May 9, 2019",198,NO,small colony variant,≤0.5,S/I,0.5,I,≤0.06,S,0.06,I,1,S,0.5,S,0.5,S,≤0.06,S,0.25,S,≤0.125,S,,,,I63V,,V425G,,,PAO1,,,"G978D, A772T",,,,,,,G1056D,"D102N, A162V",,,,,,,,,,,,,,,,,,,P683S,,,,,,,,,,,,,,,,,,,,,,,,,,,,,,V214I,L205W,,,,,,,,,,,,,,,,,,,,,,,,E794K,,,,,,,,,,,,,,,,,"H976Q, V951A,  I209V","K2839T, R1729H, G1408S",,,,,,,,,,,,V194A,,,,,,,,,G146A,,,,,,,,,,,,,,,,,,,,,Not present,,D49E,,,,,,,,,,,,,,,,,,,,,
021-4234,HUSE,SE21,3,"September 30, 2019",198,NO,small colony variant,16,I,4,I,1,S,1,R,1,S,2,S,8,S,0.5,S,1,S,0.25,S,,,,I63V,,,,,PAO1,,,"G978D, A772T",,nt593Δ12,,,,,G1056D,"D102N, A162V",,,,,,,,,,,,,,,,,,,P683S,,,,,,,,,,,,,,,,,,,,,,,,,,,,,,V214I,L205W,,,,,,,,,,,,,,,,,,,,,,,,E794K,,,,,,,,,,,,,,,,,"H976Q, V951A,  I209V","K2839T, R1729H, G1408S",,,,,,,,,,,,V194A,,,,,,,,,G146A,,,,,,,,,,,,,,,,,,,,,Not present,,D49E,,,,,,,,,,,,,,,,,,,,,
022-5179,HUSE,SE22,1,"October 16, 2013",NEW3,NO,regular,8,I,4,I,2,S,0.25,I,2,S,1,S,8,S,1,S,1,S,0.25,S,,,,,,,,,LESB58,,,,,,,,,,,,,,,,,,,,,,,,,,T304A,,,,,,,,,,,,,,,,,,,,,,,,,"P18S, P94S",,,,,,,,,D666Q,,L116M,,,,,A287V,N581S,,R26H,,,P304S,,,,,,,,,,,L11M,,,,,,,,,,,,,,,,,DELETED,,,,,F311L,,,,,,,,,,,,,,,,,,,,,,,,,,nt1030Δ1,,,V386A,,,,,,,,,,Not present,,,,,,,T451I,,,,,,,,T557A,,D519N,A61V,,,,,
022-5546,HUSE,SE22,2,"July 10, 2014",2101,NO,mucoid,16,I,4,I,0.25,S,0.25,I,1,S,1,S,4,S,0.25,S,0.5,S,0.25,S,,,,,,,,,LESB58,,,,,,,,,,,,,,,,,,,,,,,,,,,,,,,,,,,,,,,,,,,,,,,,,,,,,,,,,E161Q,D278N,D547Q,,,,,,,,,"V539L, V594A",,A32V,,,,P69L,N794T,,,,,A62V,,,,,A126T,,,V630M,,,,,"I253L, G377E",,,,,,,,DELETED,,,,,S761C,,D462V,,,,,,,G218S,,,,,,,,,,,,,,V10M,,,"V218M, R286H",,,K472N,,R1622C,A10P,,,,,,"P593S, A517V",Not present,,,,,,,,,,,,,N2S,,,,L202F,T160S,,,,,
022-5835,HUSE,SE22,3,"January 19, 2015",1134,NO,regular,8,I,4,I,4,I,4,R,1,S,2,S,2,S,>8,R,0.5,S,0.25,S,,,,,,,,nt553Δ1,LESB58,,,,,,,,,,,,,,,,,,,,,,,,,,,,,,,,,,,,,,,,,,,,,,,,,,,,,,,,,,,,,,,L183M,,,G135D,"E65K, R69H",G587E,,,,,,,,,,,,,,,,R875S,T863S,,"A56D, S225L",,,,,,N6H,,,,,,,,DELETED,,,,,,,E396K,,,A677V,,,,V715M,,,,,V301L,,,,,,"A30G, G297S",,,,,,,,,,,,,,,,,,,Not present,,,,,,,,,,,,,R272W,,,,,,,,,,
023-2344,HUSE,SE23,1,"July 6, 2012",701,NO,mucoid,64,R,>32,R,>16,R,>4,R,2,S,>8,R,>8,R,>8,R,8,R,1,S,,,,,,,,W277X,MTB-1 ,,,,,,,,,,,,,,,,,,nt111insG,,,,,,,,,,,,,,,,,,,,,,,,,,,,,,,,,,,,,,,,,,,,,,,,,,,,,"K157E, T156N",,,,,,,,,nt3InsC,,,nt708Δ1,,,,DELETED,,,,,,,,,,,,,DELETED,DELETED,,,,,,,,,,,,,,,,,,,,,,,,,,,,,,,,,,,,,,,,,,,,,Not present,,,,,,,,,,,,,,,,,,,,,,
023-6966,HUSE,SE23,2,"January 29, 2013",NEW (701-trpE),NO,mucoid,>64,R,>32,R,>16,R,4,R,1,S,4,S,8,S,>8,R,8,R,0.25,S,,,,,,,,nt1021Δ1,MTB-1 ,,,,A38P,,,,,,V415A,,,"D87G
",,,,,nt111insG,,,,,,,,,,,,,,,,,,,,,,,,,,,,,,,,,,,,,,,,,,,,,,,,,,,,,,,,,,,,,,,,,,,,,DELETED,,,,,,,,L508V,,,,,DELETED,DELETED,,,,,,,,,,,,,,,,,,,,,,,,,,,,,,,,V348A,,,,,,,,,,,,S2P,Not present,,,,,,,,,,,,,,,,,,,,,,
023-9557,HUSE,SE23,3,"June 4, 2013",701,NO,regular,>64,R,>32,R,>16,R,2,R,0.5,S,>8,R,>8,R,>8,R,>8,R,16,R,,,,,,,,W277X,MTB-1 ,,,,A38P,,,,,,,,,,,,,,nt111insG,,,,,,,,,,,G71S,,,,,,,,,,,,,,,,,,,,,,,,,,,,,,,,,,,,,,,,,,"K157E, T156N",,Q758*,,,,,,,nt3InsC,,,nt708Δ1,,,,DELETED,,,,,,,S33T,,,nt1002Δ1,,,DELETED,DELETED,,,,,,,,,,,,,,,,,,,,,,,,,,,,,,,nt1030Δ1,,,,,,,,,,,,,,Not present,,,,,,,,,,,,,,,,,,,,,,
024-0501,HUSE,SE24,1,"October 1, 2014",274,NO,regular,2,I,4,I,8,I,1,R,1,S,2,S,2,S,4,S,4,R,≤0.125,S,,,,L338P,,,,nt1199InsG,LESB58,,,,,A144V,,,,,,nt414InsGC,,,,,,,nt1170Δ5,,,,,,,,,,,,,,,,,,,,,,,,,,,,,,,,,,,,,,,,,,,,,,,,,,,,,,T203A,,,,,,,,,,,,,,,,,,,"D298E, D304E",,,,,,,,,,DELETED,,,,,,,,,,,,,A98T,,,,,,,,,,L117V,,,,,,,,,,,,,,,,,,,,,Not present,S612T,,,,,,,,,,,,,,,,D296A,,R444H,,,,
024-1092,HUSE,SE24,2,"April 24, 2015",274,NO,regular,>64,R,>32,R,8,I,>4,R,0.5,S,>8,R,4,S,8,S,2,S,2,S,,,,L338P,,,,nt848InsA,LESB58,,,,,A144V,,,,,A269T,,"nt1163Δ2
",T83I,,,,,nt629InsGT,,V239A,,,,,,,,,,,,,,,,,,,,,,,,,,,,,,,,,,,,,,,A600V,,A3T,,,,,,,G468D,,,,T203A,,,,,,,nt147Δ1,nt806InsG,,P280L,nt2270Δ1,,,,,nt790Δ1,,,"D298E, D304E",,nt1468InsCGC,,,,R167C,V245A,,,DELETED,,,,,,,,,,,,,A98T,"H5P, R439Q, G668S",,,,,,,,,L117V,,,,,,,,nt82InsG,W509*,,P561S,,,,,,,,,,Not present,S612T,,,,,,,"M289R, S544N
",,,,,,,,,"G856S, D296A",,R444H,,,,
024-7416,HUSE,SE24,3,"October 2, 2015",274,YES,mucoid,64,R,>32,R,8,I,>4,R,1,S,4,S,1,S,2,S,4,R,4,R,,,,"A151V, L338P",I127V,,,nt848InsA,LESB58 ,,,,,A144V,,,,,,,"nt1163Δ2
",T83I,,,,N587S,nt629InsGT,,"D234G, V239A",,,,,G298E,,,,A305T,,"S457G, G153S",,,,,,,,D692N,,,,,,,,,,,,,,A35V,,,,,,A600V,,A3T,,,,,,,"G468D, G551D, S344P",,L157P,,"G354D, T203A",,,D696G,,,,nt147Δ1,nt3InsC,,,Q246R,G483S,,,,"W455R, nt790Δ1
",,,"D298E, D304E",,,V203I,,,R167C,"G165S, V245A",,,DELETED,,,,,,,nt238InsG,,,,,nt46InsC,A98T,"H5P, R439Q, G668S",,,,,,,,,L117V,,,L464P,,,,,W204*,"A23T, W509*
",,"S698F, P561S, T434A",,A47T,E232K,,,,"P759S, D620G",,,Not present,S612T,,,,,,,"P277L, D279N, M289R, R413H
",,,,,,Y231C,R389H,,"G856S, D296A",,"I12V, G329D, R444H",,,,P162L
025-6546,HUSE,SE25,1,"August 27, 2012",1072,NO,mucoid,32,R,32,R,0.25,S,0.5,I,0.5,S,2,S,1,S,0.25,S,0.5,S,0.25,S,,,,nt573Δ1,,,,,MTB-1,,,,,,,,,,,,,,,,,,,,,,,,,,,,,,,,,,,,,,,,,,,,,,,,,,R694H,,,,,,,,H262Y,,,,,,,,,Q423*,N698S,,H116Q,,A544T,,G531D,,,,,,,,nt1162Δ3,S22N,L384Q,,,DELETED,L31M,,A158T,,,,,,,,V14I,,DELETED,DELETED,,,,, A102V,,,,,,,"V506A, D474G, A368V, E341G, V77M",,C198Y,,,,,,,,,,"V57I, I73V",A113V,,,,,,nt1030Δ1,,,,,"R1809Q, A1754P, A1497S, D652G",,R238H,,D130V,,,,Not present,,,,,,,,E654V,,D770G,,,,,,,,,"S395R, V184I",,,,
025-9260,HUSE,SE25,2,"February 5, 2013",235,NO,mucoid,8,I,2,I,4,I,0.12,I,1,S,0.5,S,2,S,2,S,1,S,≤0.125,S,,,,,,,,,LESB58,,,,,,,,,,,,,,,,,,,,,,,,,,,,,,,,,,,,,,,,,,,,,,,,,"D221G, V480A",R310L,V167T,,V97I,,,,,,,"R389Q, A99V","L244M, S2N",,,,,,,"S20N, T235I",,,,A557V,,,,,,"V671L, F227L",A80V,"L24M,G525S",,,,"A703T, Q509E","K273T, L586I, A873V",,DELETED,,,,,,,E429D,,,A413E,G119Q,,,DELETED,,L1304F,,,,,,,"G276S, R672Q",,,,,A216S,,,,,A657T,,S57N,,,"G192E, M251I, T294A",,S50T,,,,,nt1030Δ1,,,,,"P1740L, V579I",R311L,A136V,,,,,A609V,Not present,,,G15D,,,,,,,"D22N, R62H, Q685L",A100V,,,,,,,A331T,A470G,,A16V,,
025-7986,HUSE,SE25,3,"July 9, 2013",1613,YES,regular,>64,R,>32,R,1,S,2,R,0.25,S,4,S,4,S,0.5,S,4,R,1,S,,,,,,,,,UCBPP-PA14,,,,,nt82Δ12,,,,,,,,D87G,,,,,,,,,,,,,,,,,,,,,,,,,,,,,,,nt1115InsGC,,,,,,,,,,,,,,,Y276N,"D307N, R177H",,,A605T,,T325I,,,P457L,,,,,"G98D, S681G",,,,,,"A742V, T170A","nt808Δ1, Q522R",,,,,T138A,,,,,,,,V400A,Y435C,L76M,,,,,L29P,"G138S, W491R, F755L",,"L4132I, D2903N, D1545N, D349N, T180A",G34S,,,,A490T,E28K,,,,,,,,A42T,,,A490V,,S36F,,,,,,N90S,,,,,,,,,R11C,,E16H,,A66V,I340V,,,,Not present,,,,"S173I, R278W",,,,,A620T,,,,,,,V308I,G338S,,,,N167H,
S3,HRYC,RC01,1,"June 1, 2019",809,YES,regular,32,R,16,R,8,I,0.5,I,0.25,S,8,R,4,S,4,S,4,R,4,R,,,,E249X,,,,,LESB58,L227P,,"T927I, D124N",A160T,,,,,,,,,D87N,,,,nt4879Ins1,,,G242S,"M594I, A21V",,,,,,,,G188S,,,,,,,,,,"T493P, E580K",,,,,,,,,,"N134H, F334L",,,,,,,,,,,V265E,,,,,,,"L233W, W375R",,,,,D425N,P728S,E565K,,,,,Q582L,,,,,,S112G,,,T38S,,,,,,,,,Y53C,,,,DELETED,,,A75G,I546V,I869F,,,,V448M,,,S659R,,,,,,,,,,,,,A683T,,,,,,,,,,,,,D194N,,L116F,,,G832C,Not present,,,,,,,,,,,P244L,,D339E,,,,N663T,,R171W,,,,
S2,HRYC,RC01,2,"December 1, 2019",809,YES,mucoid,16,I,16,R,4,I,0.5,I,0.25,S,4,S,1,S,1,S,8,R,2,S,,,,E249X,,,,,LESB58,L227P,,"T927I, D124N",A160T,,,,,,,,,D87N,,,,nt4879Ins1,,,G242S,"M594I, A21V",,,,,,,,G188S,,,,,,,,,,"T493P, E580K",,,,,,,,,,"N134H, F334L",,,,,,,,,,,V265E,,,,,,,"L233W, W375R",,,,,D425N,P728S,E565K,,,,,Q582L,,,,,,S112G,,,T38S,,,,,,,,,Y53C,,,,DELETED,,,A75G,I546V,I869F,,,,V448M,,,S659R,,,,,,,,,,,,,A683T,,,,,,,,,,,,,D194N,,L116F,,,G832C,Not present,,,,,,,,,,,P244L,,D339E,,,,N663T,,R171W,,,,
S1,HRYC,RC01,3,"March 1, 2020",809,YES,mucoid,2,I,16,R,4,I,0.5,I,0.25,S,2,S,2,S,2,S,4,R,2,S,,,,E249X,,,,,LESB58,L227P,,"T927I, D124N",A160T,,,,,,,,,D87N,,,,nt4879Ins1,,,G242S,"M594I, A21V",,,,,,,,G188S,,,,,,,,,,"T493P, E580K",,,,,,,,,,"N134H, F334L",,,,,,,,,,,V265E,,,,,,,"L233W, W375R",,,,,D425N,P728S,E565K,,,,,Q582L,,,,,,S112G,,,T38S,,,,,,,,,Y53C,,,,DELETED,,,A75G,I546V,I869F,,,,V448M,,,S659R,,,,,,,,,,,,,A683T,,,,,,,,,,,,,D194N,,L116F,,,G832C,Not present,,,,,,,,,,,P244L,,D339E,,,,N663T,,R171W,,,,
S6,HRYC,RC02,1,"June 1, 2018",316,YES,regular,32,R,16,R,0.25,S,0.5,I,2,S,1,S,2,S,1,S,1,S,1,S,,,,,,,,,MTB-1,,,,,,,,,,,,,,,,,,nt111InsG,,,,,,,,,,,,,,,,,,,,,,,,,,Q438X,,,,,R10L,"P41S, L741V",A41T,,,,,,A87T,,,T60A,,,,,,,,"K590T, D608G",,A105T,A163V,,,,I372V,,,G452A,,,,,,E213A,,,DELETED,,,,"A58S, G81S",,,,A107V,,,A93T,D91E,,,,A215V,,,"F306Y, E27G",P76S,"V318A, D541N, V565I",,"R192H, R464L",A565T,,A43V,,,,,,,,,,,,,,,D361E,L219I,,,G10D,,nt197Δ1,,,"Q1137L, A969T, I376L, A192D",,,,,I50V,,,,Not present,M60I,,,,,,D406N,,V183I,,,, G157S,,Q5H,,,,,,,
S5,HRYC,RC02,2,"February 1, 2019",316,NO,regular,4,I,1,I,0.12,S,0.25,I,2,S,0.5,S,1,S,≤0.06,S,0.5,S,0.5,S,,,,,,,,,MTB-1,,,,,,,,,,,nt907Δ21,,,,,,,,,,,,,,,,,,,,,,,,,,,,,,,,,,,,,,R10L,"P41S, L741V",A41T,,,,,,A87T,,,T60A,,,,,,,,"K590T, D608G",,A105T,A163V,,,,I372V,,,G452A,,,,,,E213A,,,DELETED,,,,"A58S, G81S",,,,A107V,,,A93T,D91E,,,,A215V,,,"F306Y, E27G",P76S,"V318A, D541N, V565I",,"R192H, R464L",A565T,,A43V,,,,,,,,,,,,,,,D361E,L219I,,,G10D,,,,,"Q1137L, A969T, I376L, A192D",,,,,I50V,,,,Not present,M60I,,,,,,D406N,,V183I,,,, G157S,,Q5H,,,,,,,
S4,HRYC,RC02,3,"December 1, 2019",316,YES,regular,>64,R,32,R,0.25,S,1,R,4,R,8,R,4,S,2,S,1,S,0.25,S,,,,,,,,,MTB-1,,,,,,,,,,,,,,,,,,nt111InsG,,,,,,,,,,,,,,,,,,,,,,,,,,Q438X,,,,,R10L,"P41S, L741V",A41T,,,,,,A87T,,,T60A,,,,,,,,"K590T, D608G",,A105T,A163V,,,,I372V,,,G452A,,,,,,E213A,,,DELETED,,,,"A58S, G81S",,,,A107V,,,A93T,D91E,,,,A215V,,,"F306Y, E27G",P76S,"V318A, D541N, V565I",,"R192H, R464L",A565T,,A43V,,,,,,,,,,,,,,,D361E,L219I,,,G10D,,nt197Δ1,,,"Q1137L, A969T, I376L, A192D",,,,,I50V,,,,Not present,M60I,,,,,,D406N,,V183I,,,, G157S,,Q5H,,,,,,,
S9,HRYC,RC03,1,"February 1, 2018",198,NO,regular,2,I,0.25,I,2,S,1,R,1,S,0.5,S,1,S,2,S,0.25,S,0.25,S,,S466Y,G101W,I63V,,,,nt384Δ11,PAO1,,,A772T,,nt532Δ1,,,,,G1056D,"F86S, D102N, A162V",,,,,,,,,P243L,,A244T,,,,,,,,P683S,,,G59D,,,,,,,,,,,,,,,,,,,,,,,,,,,,,,,,,,,,,,,,,,,,,,,,,,,,,,,,,,,,,,,,,,,,,,,,,,,,,,,,,,,,,,,,,,,,,,,,,,,,,,,,,,,,,,,,Not present,,,,,,,,,,,,,,,,,,,,,,,
S8,HRYC,RC03,2,"November 1, 2018",242,NO,regular,≤0.5,S/I,8,I,0.12,S,≤0.03,I,1,S,4,S,4,S,0.12,S,0.06,S,4,R,,,,,,,,,LESB58,"G303R, L164Q",,G287S,,,,R48C,A129T,,,,,D87G,,,,,,,,"I292T, E100G",,,,N775S,,,,,,"G482S, D216G",,,,,,,,,,,,,,,,,,nt1566Δ2,,"P28Q, Q224H",,,,,,,,S104L,,,,,,,,,G23D,,,,,,,,,,,,,,I121T,,I143T,,,,,,,,,,,,,,,,,DELETED,,,,,,,"W230*, P491S",,"A306V, A36V",,,,,,,,,,D438G,,,,,,,,,,L88Q,,,,,,,,,,,,,,L200V,S293L,Not present,,,Y224C,,,W81S,,,D621G,,,,,A652T,,H317P,,,,,,
S7,HRYC,RC03,3,"August 1, 2019",316,YES,regular,32,R,4,I,8,I,1,R,0.5,S,2,S,4,S,4,S,2,S,4,R,,,,,,,,,MTB-1,,,,,nt542Δ16,,,,,,,,,,,,nt4763Δ3,nt111InsG,,,,,,,,,,,,,V156A,,,,,,,,,,,,,Q438X,,,,,R10L,"P41S, L741V",A41T,,,,,,A87T,,,T60A,,,,,,,,"K590T, D608G",,A105T,A163V,,,,I372V,,,G452A,,,,,,E213A,,,DELETED,,,,"A58S, G81S",,,,A107V,,,A93T,D91E,,,,A215V,,,"F306Y, E27G",P76S,"V318A, D541N, V565I",,"R192H, R464L",A565T,,A43V,,,,,,,,,,,,,,,D361E,L219I,,,G10D,,nt197Δ1,,,"Q1137L, A969T, I376L, A192D",,,,,,,,,Not present,M60I,,,,,,D406N,,V183I,,,, G157S,,Q5H,,,,,,,nt486Δ12
S12,HRYC,RC04,1,"February 1, 2016",1600,NO,mucoid,1,I,0.5,I,0.25,S,2,R,0.5,S,≤0.25,S,0.5,S,0.25,S,≤0.03,S,≤0.125,S,,,,,,,,,F23197,,,,,A47T,,nt331Δ1,,,,,,,,,,,,,,,,S5F,,I427V,,nt336Δ2,,,,,,,,,,,,,,,,,,,,,,,,A170T,,,,,,,nt488Δ1,,,,,S318G,,,,,,,,,,"I407V, K473R",,,,,,"nt2399Δ6, R676Q","A444S, V498",T2I,,T762S,,V12A,,,,,,,,,,,,,,,,DELETED,"S2320L, A402V",A5025V,,,,,"L274I, G605S",,,,,,,,,,,,,,,,,,,,,,,,,"V299A, D437N",A255V,,,,,,,,M289I,,,Not present,,,,,,,,,,Y61S,,,R282Q,,,,"D189E, F304V",,,,,,"nt423Δ18, Q40H"
S11,HRYC,RC04,2,"May 1, 2018",242,NO,regular,1,I,2,I,1,S,1,R,0.25,S,2,S,1,S,0.5,S,0.5,S,≤0.125,S,,,,"V190A, N267S",,"A166V, A245V",,,LESB58,"G303R, L164Q",,G287S,,L111F,,R48C,A129T,G250D,L516P,,,D87G,,,,,,,,"E372K, I292T, E100G",,,,N775S,,,,,,"G482S, D216G",,,,,,,,,,,,,,,,,,nt1566Δ2,,"P28Q, V110A, Q224H",,,,,,,,S104L,,,,,,,,,"nt1269Δ1, G23D, D311G",,"nt1011Δ2, G225S",,,,,,,,,,,,I121T,,"I143T, V138L","L178P, A596T",D7G,,E410K,,,,,,,,,F172L,,,,DELETED,,D432N,"Q44R, L125P","A131E, S91R","T545A, V312A",,"W230*, P491S",,,,,"nt1548InsG, T741S",,F7S,,,,,D438G,,,,,Q204R,,,,,L88Q,,,G178S,,"N699S, V7M","H141Y, C54S",,,,,,,,"A491V, L200V",S293L,Not present,,,Y224C,,,W81S,,,D621G,,,R180W,,A652T,,H317P,"V125G, L45I",,,,,Y69C
S10,HRYC,RC04,3,"May 1, 2019",242,NO,regular,≤0.5,S/I,1,I,0.5,S,2,R,<0.12,S,1,S,0.25,S,0.5,S,0.5,S,≤0.125,S,,,,"V190A, N267S",,"A166V, A245V",,,LESB58,"G303R, L164Q",,G287S,,"R45C, L111F",,R48C,A129T,G250D,"L516P, D1054N",,,D87G,,,,,,,,"E372K, I292T, E100G",,,,N775S,,,,,,"G482S, D216G",,,,,,,,,,,,,,,,,,nt1566Δ2,,"P28Q, V110A, Q224H",,,,,,,,S104L,,,,,,,,,"nt1269Δ1, G23D, D311G",,nt1011Δ2,,,E90G,,,,,,,,,I121T,,"I143T, V138L","nt958InsGGAGGCCACCCCCC, L178P, A596T",D7G,"P44S, D718N",E410K,,,,,,,,,F172L,,,,DELETED,,"nt2922InsATT, D432N","Q44R, L125P","A131E, S91R","T545A, V312A",,"W230*, P491S",,,,,"nt1548InsG, T741S",,F7S,,,,,D438G,,,,,Q204R,,,,,,,,G178S,,"N699S, V7M","H141Y, C54S",,,,,,,,"A491V, L200V",S293L,Not present,,,Y224C,,,W81S,,,D621G,,,R180W,,A652T,,H317P,"V125G, L45I",,,,,Y69C
S15,HRYC,RC05,1,"January 1, 2017",1046,NO,regular,8,I,2,I,2,S,1,R,1,S,0.5,S,4,S,1,S,0.12,S,≤0.125,S,,,,,,,,,F23197,,,,"V76I, I50V",nt228Δ13,,,,D323G,,A365V,,,,,,,,,,,,,,I893T,,,,,,,,,,,,,,,,,,,,,,,,P479A,A91T,,,,,,,,,,,,,,,S446G,,,,,,,,,,,,,,"L363Q, R4H",L378V,,,,G473S,,,T454I,"R664H, A597T, E561D",,,,,,,,,,,,,DELETED,,,K144E,"E49D, L43F",,,T479I,,,,,"P509S, V367F",,,,,,,,,,,,,,,,,,,,,,,,,,,,,,,,Not present,,,,,,,T505S,,,,,,,,Q226E,,,,,,,,
S14,HRYC,RC05,2,"April 1, 2018",1046,NO,regular,≤0.5,S/I,1,I,2,S,0.25,I,1,S,1,S,1,S,2,S,0.12,S,≤0.125,S,,,,nt17Δ1,,,,,F23197,,,,"V76I, I50V",nt594Δ11,,,,D323G,,A365V,,,,,,,,,,,,,,I893T,,,,,,,,,,,,,,,,,,,,,,,,P479A,A91T,,,,,,,,,,,,,,,S446G,,,,,,,,,,,,,,"L363Q, R4H",L378V,,,,G473S,,,T454I,"R664H, A597T, E561D",,,,,,,,,,,,DELETED,DELETED,,,K144E,"E49D, L43F",,,T479I,,,,,"P509S, V367F",,,,,,,,,,,,,,,,,,,,,,,,,,,,,,,,Not present,,,,,,,T505S,,,,,,,,Q226E,,,,,,,,I67T
S13,HRYC,RC05,3,"February 1, 2019",1046,NO,mucoid,32,R,32,R,2,S,0.25,I,1,S,4,S,4,S,1,S,0.25,S,≤0.125,S,,,,,,,,,F23197,,,,"V76I, I50V",nt228Δ13,,,,D323G,,A365V,,,,,,,,,,,,,,I893T,,,,,,,,,,,,,,,,,,,,,,,,P479A,A91T,,,,,,,,,,,,,,,S446G,,,,,,,,,,,,,,"L363Q, R4H",L378V,,,,G473S,,,T454I,"R664H, A597T, E561D",,,,,,,,,,,,DELETED,DELETED,,,K144E,"E49D, L43F",,,T479I,,,,,"P509S, V367F",,,,,,,,,,,,,,,,,,,,,,,,,,,,,,,,Not present,,,,,,,T505S,,,,,,,,Q226E,,,,,,,,
S18,HRYC,RC06,1,"March 1, 2019",496,NO,mucoid,8,I,2,I,0.25,S,1,R,1,S,1,S,2,S,0.5,S,0.5,S,≤0.125,S,,,,,,,,,LESB58,Q349K,"E156K, G223D",,A38T,nt395InsAAGC,,,,,,,,Y267N,,,,,,,,"G60S, A379T",,,,R510H,,,,,,,,,,,,,,,,,,,,,,,,,,,,,,,,,,,,,,,,G511S,,,,,,S155F,V107I,P4L,,,,,P660T,,,,,,,A30S,,,Q437K,Q395*,,,,,,,,D411N,,,,,L2293P,"nt8470Δ4, T4294I, E4189K, Q4172L, D2952N",,,"V550A,  G50D",,,,,,,,,,,,,,,,,,T102I,,A342V,,,E234D,,,,,,,,"R1553H, C1064R, E319D",,,,,,,A768D,A409T,Not present,,,,,,,,,,,,,,V5M,,,,,,,,
S17,HRYC,RC06,2,"January 1, 2020",496,YES,regular,8,I,2,I,2,S,2,R,0.25,S,0.5,S,2,S,2,S,0.25,S,0.5,S,,,nt69InsG,R300C,,,,,LESB58,Q349K,"E156K, W222X, G223D",,A38T,,,,,,,R127Q,,"D87G, Y267N",,,,,,,,G60S,,,,R510H,,,,,,,,,,,,,,,,,,,S116L,,,,,,,,,,,,,,,,,,,,,G511S,,,"P730S, nt1269Δ1",,,S155F,V107I,P4L,,nt850Δ1,,,P660T,,,,,,,A30S,,,Q437K,Q395*,,,,,,,,D411N,,,,,"nt40InsG, L2293P","T4294I, E4189K, Q4172L, D2952N",,,"V550A,  G50D",,,,,,,,,,,,,,,,,,T102I,,A342V,,nt1413Δ1,E234D,,,,,,,,"R1553H, C1064R, E319D",,,,,,,A768D,A409T,Not present,,,,,,,,,,,,,,V5M,,,,,,,,
S16,HRYC,RC06,3,"September 1, 2020",496,NO,regular,16,I,16,R,8,I,4,R,1,S,0.5,S,4,S,4,S,0.5,S,0.5,S,,,,,,,,,LESB58,Q349K,"E156K, G223D",,A38T,nt395InsAAGC,,,,,,,,Y267N,,,,,,,,"G60S, A379T",,,,R510H,,,,,,,,,,,,,,,,,,,,,,,,,,,,,,,,,,,,,,,,G511S,,,,,,S155F,V107I,P4L,,,,,P660T,,,,,,,A30S,,,Q437K,,,,,,,,,D411N,,,,,L2293P,"T4294I, E4189K, Q4172L, D2952N",,,"V550A,  G50D",,,,,,,,,,,,,,,,,,T102I,,A342V,,,E234D,,,,,,,,"nt2493InsACGG, R1553H, C1064R, E319D",,,,,G441E,,A768D,A409T,Not present,,,,,,,,,,Y210C,,,,V5M,,,,,,,,
S21,HRYC,RC07,1,"February 1, 2016",155,NO,regular,16,I,8,I,4,I,1,R,1,S,2,S,8,S,2,S,1,S,1,S,,,L57Q,,,,,,LESB58,,,,,E21G,,,,,,,,,,,,,,,,,,,,,,,,,,,,,,,,,,,,,,,,,,,,,,,,,,,,,,"H370R, S397R",,K293N,,,,,,,,,,,,,D428G,Y662H,,,,,,,,,,,,"G392S, R460C",,,,,,,,,,,,,,DELETED,,,,,,,,,,D571V,,,,,,,,,G449S,,,,,,,,,,,,,,,,"H148Y, P26R","P1560S, G481E, D362G",,,,,,,,,Not present,,Q43L,,,,,"G170S, T224I",,,,A122V,,A245S,,,,V107I,,,,,
S20,HRYC,RC07,2,"February 1, 2017",155,NO,regular,1,I,2,I,≤0.06,S,0.25,I,1,S,0.5,S,2,S,≤0.06,S,0.25,S,0.25,S,,,L57Q,nt331Δ12,,,,,LESB58,,,,,E21G,,,,,,,,,,,,,,,,,,,,,,,,,,,,,,,,,,,,,,,,,,,,,,,,,,,,,,"H370R, S397R",,K293N,,,,,,,,,,,,,D428G,Y662H,,,,,,,,,,,,"G392S, R460C",,,,,,,,,,,,,,DELETED,,,,,,,,,,D571V,,,,,,,,,G449S,,,,,,,,,,,,,,,,"H148Y, P26R","P1560S, G481E, D362G",,,,,,,,,Not present,,Q43L,,,,,"G170S, T224I",,,,A122V,,A245S,,,,V107I,,,,,
S19,HRYC,RC07,3,"January 1, 2018",155,NO,mucoid,8,I,2,I,0.12,S,0.25,I,1,S,1,S,2,S,0.12,S,0.25,S,0.5,S,,,L57Q,,,,,,LESB58,,,,,E21G,,,,,,,,,,,,,,,,,,,,,,,,,,,,,,,,,,,,,,,,,,,,,,,,,,,,,,"H370R, S397R",,K293N,,,,,,,,,,,,,D428G,Y662H,,,,,,,,,,,,"G392S, R460C",,,,,,,,,,,,,,DELETED,,,,,,,,,,D571V,,,,,,,,,G449S,,,,,,,,,,,,,,,,"H148Y, P26R","P1560S, G481E, D362G",,,,,,,,,Not present,,Q43L,,,,,"G170S, T224I",,,,A122V,,A245S,,,,V107I,,,,,
S24,HRYC,RC08,1,"June 1, 2019",500,NO,regular,16,I,16,R,1,S,0.12,I,1,S,1,S,4,S,0.5,S,0.5,S,0.25,S,,,,,Q112K,,,,LESB58,,,,,,,,,,,,,,,,,,,,D234G,,,nt525Δ4,,T381A,,,,,,,,,,,,,,,,,,,,,,,,,"S518N, F699L, A708V",P102Q,,,,,,,,Q610R,,,,L49F,,D417G,,,,,,,,,,H147Y,,,T342A,,,,,,,,,,A132V,,,,,,,,,,,,,DELETED,,,,,,,"S188N, S426T",,,,,,,,,,,,A411T,,,,,,,,,,Q176R,,,W509*,,,,R1375C,,,,,,,,"V249I, A29V",Not present,,,,,,"P89Q, V171I",,,"R507H, Q570L",,,,,,,,,,,,,
S23,HRYC,RC08,2,"December 1, 2019",NEW (500-trpE),YES,mucoid,16,I,32,R,16,R,2,R,1,S,≤0.25,S,4,S,8,S,2,S,1,S,,S466F,,,Q112K,,,D208N,LESB58,,,,,,,,,,,,,,,,,,,,,,P527S,,,T381A,,,,,,,,,,,,,,nt1553Δ1,,,,,,,,,,,"S518N, F699L, A708V",P102Q,,,,,,,,Q610R,,,,L49F,,D417G,,,,,,,,,,,,,T342A,,nt3InsC,,,,,,,,A132V,,,,,,,,,,,,,DELETED,,,,,,,"S188N, S426T",,,,,,,,,,,,A411T,,,,,,,,,,Q176R,,,W509*,,nt4545InsG,,R1375C,,,,,,,,"V249I, A29V",Not present,,,,,,"P89Q, V171I",,,"R507H, Q570L",,,,,,,,,,,,,
S22,HRYC,RC08,3,"March 1, 2020",NEW (500-mutL),YES,regular,32,R,32,R,8,I,1,R,0.5,S,4,S,4,S,4,S,1,S,1,S,,S466F,,,Q112K,,,,LESB58,,,,,,,,,,,,,,,,,,,,,,P527S,T139A,,T381A,,,,,,,,,,,,,,nt1553Δ1,,,,,,,,,,,"S518N, F699L, A708V",P102Q,,,,,,,,Q610R,,,,L49F,,D417G,,,,,,,,,,,,,T342A,nt2137InsC,nt3InsC,,,,,,,,A132V,,,,,,,,,,,,,DELETED,,,,,,,"S188N, S426T",,,,,nt46Δ1,,C116R,,,,,A411T,,,,,,,,,,Q176R,,,W509*,,,,R1375C,,,,,,,,"V249I, A29V",Not present,,,,,,"P89Q, V171I",,,"R507H, Q570L",,,,,,,,,,,,,
S27,HRYC,RC09,1,"June 1, 2017",575,NO,regular,≤0.5,S/I,1,I,≤0.06,S,0.12,I,0.25,S,0.5,S,0.25,S,≤0.06,S,0.12,S,1,S,,,,nt901Δ7,,,,,LESB58,,,,,nt174Δ89,,,,,,,,V48M,,,,,,,,T64A,,,,,,,,V431I,,,,,,,,,,,,,,,,,,,,,,,,,,,,,,,,,,,,,,,,,"D309A, R26H",,,,,,,,,,V159L,,,,,A40V,,,,,,,,,,,,,,,,DELETED,,,,,,,,,L439M,D452E,,,,,,,,,,,,,,,,,,A7V,,nt2049Δ1,,,,,,,,,,,,,,,Not present,,,,,,,,,,,,,,,,,,A422V,,,,
S26,HRYC,RC09,2,"January 1, 2020",155,NO,regular,1,I,1,I,≤0.06,S,0.12,I,<0.12,S,1,S,0.5,S,≤0.06,S,0.25,S,≤0.125,S,,,L57Q,,,,,,LESB58,,,,,E21G,,,,,,,,,,,,,,,,,,,,,,,,,,,,,,,,,,,,,,,,,,,,,,,,,,,,,,"H370R, S397R",,K293N,,,,,,,,,,,,,D428G,Y662H,,,,nt57Δ3,,,,,,,,,,,,,,,,,,,,,,DELETED,,,,,,,,,,D571V,,,,,,,,,G449S,,,,,,,,,,,,,,,,"H148Y, P26R","P1560S, G481E, D362G",,,,,,,,Not present,,,Q43L,,,,,"G170S, T224I",,,,A122V,,A245S,,,,V107I,,,,,
S25,HRYC,RC09,3,"November 1, 2020",575,NO,regular,1,I,0.5,I,≤0.06,S,0.12,I,0.25,S,1,S,0.25,S,≤0.06,S,0.25,S,≤0.125,S,,,,nt901Δ7,,,,,LESB58,,,,,,,T228P,,,,,,V48M,,,,,,,,T64A,,,,,,,,V431I,,,,,,,,,,,,,,,,,,,,,,,,,,,,,,,,,,,,,,,,,"D309A, R26H",,,,,,,,,,V159L,,,,,A40V,,,,,,,,,,,,,,,,DELETED,,,,,,,,,L439M,D452E,,,,,,,,,,,,,,,,,,A7V,,nt2049Δ1,,,,,,,,,,,,,,,Not present,,,,,,,,,,,,,,,,,,A422V,,,,
S30,HRYC,RC10,1,"July 1, 2019",162,NO,small colony variant,16,I,32,R,1,S,1,R,2,S,1,S,2,S,1,S,0.5,S,1,S,,,,,,,,,F23197,,,,,nt201Δ2,,,,,,,,,,,,,,,,,,G46S,,,,,,,,,,,,,,,,,,,,,,,,,,,,,,,,,,,,,,,,N244S,,G321S,,,G8S,,,A94T,,,,,,,,,,,,,,K817T,,R8H,,,,,,G515S,,,,,,,,DELETED,,,,,,,T273A,,,,,,,,,,,,,,,,,,,,,,,,,,,,,A1346T,,,,,,,,Not present,,,,,,,"G124D, T279A",,,,,,,,,,,,A286G,P274S,,,
S29,HRYC,RC10,2,"January 1, 2020",162,NO,mucoid,8,I,2,I,0.5,S,0.25,I,1,S,1,S,2,S,0.25,S,0.5,S,0.25,S,,,,,,,,,F23197,,,,,nt204Δ13,,,,,,,,,,,,,,,,,,G46S,,,,,,,,,,,,,,,,,,,,,,,,,,,,,,,,,,,,,,,,N244S,,G321S,,,G8S,,,A94T,,,,,,,,,,,,,,K817T,,R8H,,,,,,G515S,,,,,,,,DELETED,,,,,,,T273A,,,,,,,,,,,,,,,,,,,,,,,,,,,,,A1346T,,,,,,,,Not present,,,,,,,"G124D, T279A",,,,,,,,,,,,A286G,P274S,,,
S28,HRYC,RC10,3,"November 1, 2020",162,NO,mucoid,32,R,16,R,1,S,1,R,1,S,1,S,2,S,1,S,0.5,S,≤0.125,S,,,,,,,,,F23197,,,,,nt201Δ2,,,,,,,,,,,,,,,,,,G46S,,,,,,,,,,,,,,,,,,,,,,,,,,,,,,,,,,,,,,,,N244S,,G321S,,,G8S,,,A94T,,,,,,,,,,,,,,K817T,,R8H,,,,,,G515S,,,,,,,,DELETED,,,,,,,T273A,,,,,,,,,,,,,,,,,,,,,,,,,,,,,A1346T,,,,,,,,Not present,,,,,,,"G124D, T279A",,,,,,,,,,,,A286G,P274S,,,
S33,HRYC,RC11,1,"December 1, 2017",254,NO,mucoid,≤0.5,S/I,1,I,≤0.06,S,0.06,I,2,S,0.5,S,0.5,S,≤0.06,S,0.25,S,≤0.125,S,,,,Q34X,,,,,LESB58,,,A772T,,,,,,,,,,V671A,,,,,,,,,,,,,nt206Δ2,nt98Δ10,,A67T,,,G190S,,,,,,,,,,,,,,,,,,,,,,,,,,,,,,,,,,,,,,,,,,"A302V, L341R",,,,,,,,,,H505Y,A854S,,,,,,P4S,,,,,,,,,,,R110H,"R4582L, P3528L",,,,,E396K,,,,,,,,,,,,,,,,,,L94F,,,,,,,"S671G, Q733R",,,,P122L,,,,,,,L726V,,Not present,,,,E308D,,,,,V854I,,,,,,,,,,,,D93V,
S32,HRYC,RC11,2,"June 1, 2018",254,NO,regular,4,I,1,I,0.12,S,2,R,2,S,0.5,S,1,S,0.12,S,0.12,S,≤0.125,S,,,,Q34X,,,,,LESB58,,,A772T,,,,,,,,,,V671A,,,,,,,,,,,,,,"nt548Δ9, G45D",,A67T,,,G190S,,,,,,,,,,,,,,,,,,,,,,,,,,,,,,,,,,,,,,,,,,"A302V, L341R",,,,,,,,,,H505Y,A854S,,,,,,P4S,,,,Y531*,,,,,,,R110H,"R4582L, P3528L",,,,,E396K,,,,,,,,,,,,,,,,,,L94F,,,,,,,"S671G, Q733R",,,,P122L,,,,,,,L726V,,Not present,,,,E308D,,,,,V854I,,,,,,,,,,,,D93V,
S31,HRYC,RC11,3,"April 1, 2019",254,NO,regular,8,I,2,I,0.5,S,2,R,2,S,1,S,1,S,0.12,S,0.25,S,≤0.125,S,,,,Q34X,,,,,LESB58,,,A772T,,,,,,,,,,V671A,,,,,,,,,,,,,A12G,nt98Δ10,,A67T,,,G190S,,,,,,,,,,,,,,,,,,,,,,,,,,,,,,,,,,,,,,,,,,"A302V, L341R",,,,,,,,,,H505Y,A854S,,,,,,P4S,,,,,,,,,,,R110H,"R4582L, P3528L",T114P,,,,E396K,,,,,,,,,,,,,,,,,,L94F,,,,,,,"S671G, Q733R",,,,P122L,,,,,,,L726V,,Not present,,,,E308D,,,,,V854I,,,,,,,,,,,,D93V,
S36,HRYC,RC12,1,"November 1, 2018",569,NO,regular,2,I,1,I,0.12,S,4,R,1,S,0.5,S,0.25,S,≤0.06,S,0.12,S,≤0.125,S,,,,,,,,,LESB58,,,,,,,C245G,,,,,,T325A,,,,,nt111InsG,,,,,,,,,,,,,,,,,,,,,,,,,,,,,,,,T451A,,,,,,,A80T,,,,A160T,,,,,,,,,,,L490I,P575L,T396I,,,,"L655P, N311S",,,,,,,,,,,,,,,,,,,,,,DELETED,DELETED,,,,,,,,,,,,,,,,,,,,,,,,,,,,,,,,,,T191A,,A1169T,,,,,V275F,,A305D,Not present,V630M,H4R,,,"S405N, T691I",,A275T,,,H624Y,,,P202S,,E430K,,G96D,,,,A139V,,nt494Δ18
S35,HRYC,RC12,2,"June 1, 2019",569,NO,regular,4,I,2,I,0.25,S,2,R,1,S,0.5,S,0.5,S,0.12,S,0.12,S,≤0.125,S,,,,,,,,,LESB58,,,,,,,C245G,,,,,,T325A,,,,,nt111InsG,,,,,,,,,,,,,,,,,,,,,,,,,,,,,,,,T451A,,,,,,,A80T,,,,A160T,,,,,,,,,,,L490I,P575L,T396I,,,,"L655P, N311S",,,,,,,,,,,,,,,,,,,,,,DELETED,DELETED,,,,,,,,,,,,,,,,,,,,,,,,,,,,,,,,,,T191A,,A1169T,,,,,V275F,,A305D,Not present,V630M,H4R,,,"S405N, T691I",,A275T,,,H624Y,,,P202S,,E430K,,G96D,,,,A139V,,nt494Δ18
S34,HRYC,RC12,3,"July 1, 2020",569,YES,mucoid,≤0.5,S/I,1,I,0.5,S,1,R,2,S,0.5,S,0.5,S,0.25,S,0.25,S,0.5,S,,Q467R,,,Y35C,,,,LESB58,A149T,,,,,,F253L,,,,,,T325A,,L156F,,nt4879Ins1,nt111InsG,,,T64A,,,,,,,,,,,,,,,,,,,,,,,nt67InsC,,,,,,T451A,,,,,,,A80T,,,,A160T,,,,,,,,,,,L490I,"E217K, P575L",T396I,,,,"L655P, N311S",nt2248InsG,,,,,,,,,,,,,,,,,,,,"I169V, H132Y",DELETED,DELETED,,,A29T,,,,,,,,,,,,,,,,,,,,,,,,,,,,,nt2021Δ11,,T191A,,A1169T,,,,,V275F,,A305D,Not present,V630M,H4R,,,"S405N, T691I",,A275T,D279G,,H624Y,,,P202S,,E430K,,G96D,,,,A139V,,
S39,HRYC,RC13,1,"September 1, 2019",262,NO,regular,8,I,16,R,0.25,S,0.25,I,1,S,1,S,2,S,0.12,S,0.25,S,≤0.125,S,,,,,,,,,LESB58,,,,,R65C,,,P344Q,,,,,,,,,,,,,,,,,,,,,,,,,,,,,,,,,,,,,,,,,S278F,,,,,,,,,,,,,,I75V,,,,,,,,,,,,,K404M,,,,,,,,,,,DELETED,F674L,,,,,,,,,,,,,DELETED,,"L1262Q,  P279S",,,,,,E74K,,,,,,E297Q,,,,,,,,,,,"A27T, V427L",,,,,,,,,R363S,,,,T99A,,,T725A,,,,Not present,,,,,,,,,,,,,,,,,,,,,,
S38,HRYC,RC13,2,"May 1, 2020",262,NO,mucoid,4,I,32,R,0.25,S,0.25,I,1,S,2,S,2,S,0.12,S,0.25,S,≤0.125,S,,,,,,,,,LESB58,,,,,R65C,,,P344Q,,,,,,,,,,,,,,,,,,,,,,,,,,,,,,,,,,,,,,,,,S278F,,,,,,,,,,,,,,I75V,,,,,,,,,,,,,K404M,,,,,,,,,,,DELETED,F674L,,,,,,,,,,,,,DELETED,,"L1262Q,  P279S",,,,,,E74K,,,,,,E297Q,,,,,,,,,,,"A27T, V427L",,,,,,,,,R363S,,,,T99A,,,T725A,,,,Not present,,,,,,,,,,,,,,,,,,,,,,
S37,HRYC,RC13,3,"January 1, 2021",262,NO,mucoid,8,I,16,R,0.25,S,0.5,I,1,S,2,S,2,S,0.12,S,0.25,S,≤0.125,S,,,,,,,,,LESB58,,,,,R65C,,,P344Q,,,,,,,,,,,,,,,,,,,,,,,,,,,,,,,,,,,,,,,,,S278F,,,,,,,,,,,,,,I75V,,,,,,,,,,,,,K404M,,,,,,,,,,,DELETED,F674L,,,,,,,,,,,,,DELETED,,"L1262Q,  P279S",,,,,,E74K,,,,,,E297Q,,,,,,,,,,,"A27T, V427L",,,,,,,,,R363S,,,,T99A,,,T725A,,,,Not present,,,,,,,,,,,,,,,,,,,,,,
S42,HRYC,RC14,1,"November 1, 2018",198,NO,mucoid,8,I,2,I,0.5,S,4,R,1,S,1,S,1,S,0.5,S,0.5,S,4,R,,S466F,,I63V,,,,nt384Δ11,PAO1,,,A772T,,,,,,,G1056D,"F86S, D102N, A162V",,,,,,,,,,,A244T,,,,,,,,P683S,,,G59D,,,,,,,,,,,,,,,,,,,,,,,,,,,,L205W,,,,,,,,,,,,,,,,,,,,,,,,E794K,,,,,,,,,,,,,,,,,"H976Q, I209V","K2839T, R1729H, G1408S",,,,,,,,,,,,,,,,,,,,,G146A,,,,,,,,,,,,,R1C,,,,,,,,Not present,,D49E,,,,,,,,,,R173Q,,,,,,,,,,,
S41,HRYC,RC14,2,"January 1, 2020",198,NO,regular,16,I,2,I,0.5,S,2,R,1,S,1,S,1,S,0.5,S,0.5,S,1,S,,S466F,,I63V,,,,nt846Δ13,PAO1,,,A772T,,,,,,,G1056D,"F86S, D102N, A162V",,,,,,,"nt904InsC, nt874InsGGAACTCGCTGA",,,,,,,,,,,,P683S,,,G59D,,,,,,,,,,,,,,,,,,,,,,,,,,,,L205W,,,,,,,,,,,,,,,,,,,,,,,,E794K,,,,,,,,,,,,,,,,,"H976Q, I209V","K2839T, R1729H, G1408S",,,,,,,,,,,,,,,,,,,,,G146A,,,,,,,,,,,,,R1C,,,,,,,,Not present,,D49E,,,,,,,,,,R173Q,,,,,,,,,,,
S40,HRYC,RC14,3,"December 1, 2020",198,NO,small colony variant,32,R,4,I,4,I,2,R,1,S,2,S,2,S,2,S,1,S,0.25,S,,S466F,,I63V,,,,nt846Δ13,PAO1,,,A772T,,,,,,,G1056D,"F86S, D102N, A162V",,,,,,,nt904InsC,,,,,,,,,,,,P683S,,,G59D,,,,,,,,,,,,,,,,,,,,,,,,,,,,L205W,,,,,,,,,,,,,,,,,,,,,,,,E794K,,,,,,,,,,,,,,,,,"H976Q, I209V","K2839T, R1729H, G1408S",,,,,,,,,,,,,,,,,,,,,G146A,,,,,,,,,,,,,R1C,,,,,,,,Not present,,D49E,,,,,,,,,,R173Q,,,,,,,,,,,
S45,HRYC,RC15,1,"May 1, 2019",27,NO,regular,64,R,32,R,16,R,2,R,0.5,S,2,S,8,S,8,S,1,S,2,S,,S466F,nt394InsGATGCG,,,,,W339G,LESB58,,,,,A88P,,,,,,,,,,,,,,,,,,,,,,,,,,,,,,,,,,,,,,,,,,,,,,,,A117T,,,,,,N225H,,,,,,T466P,,,A228V,,,,D249N,,T244I,V741L,,,,,,,,,"R701C, A617S",D753G,,V196A,,,,,,,,,F140Y,,,,P403L,,"D1262E, A1157V","G3360A, E2215D",,,G505S,,,,,,,E164K,,,,,,,T7I,,,,,,,,,,,,,,,,,,,,,,,,L681M,,Not present,,,,,,,,,K876R,,,,,,,T439I,V480A,V20L,,,T177P,
S44,HRYC,RC15,2,"January 1, 2020",27,NO,regular,64,R,32,R,8,I,2,R,1,S,2,S,4,S,8,S,1,S,0.25,S,,S466F,,,,,,W339G,LESB58,,,,,A88P,,,,,,,,,,,,,nt111InsG,,,R680C,,,,,,,,,,,,,,,,,,,,,,,,,,,,,,,,A117T,,,,,,N225H,,,,,,T466P,,,A228V,,,,D249N,,T244I,V741L,,,,,,,,,"R701C, A617S",D753G,,V196A,,,,,,,,,F140Y,,,,P403L,,"D1262E, A1157V","G3360A, E2215D",,,G505S,,,,,,,E164K,,,,,,,T7I,,,,,,,,,,,,,,,,,,,,,,,,L681M,,Not present,,,,,,,,,K876R,,,,,,,T439I,,V20L,,,,
S43,HRYC,RC15,3,"December 1, 2020",27,NO,regular,32,R,16,R,8,I,2,R,1,S,1,S,4,S,4,S,1,S,0.25,S,,S466F,nt394InsGATGCG,,,,,W339G,LESB58,,,,,A88P,,,,,,,,,,,,,,,,,,,,,,,,,,,,,,,,,,,,,,,,,,,,,,,,A117T,,,,,,N225H,,,,,,T466P,,,A228V,,,,D249N,,T244I,V741L,,,,,,,,,"R701C, A617S",D753G,,V196A,,,,,,,,,F140Y,,,,P403L,,"D1262E, A1157V","G3360A, E2215D",,,G505S,,,,,,,E164K,,,,,,,T7I,,,,,,,,,,,,,,,,,,,,,,,,L681M,,Not present,,,,,,,,,K876R,,,,,,,T439I,,V20L,,,,
S48,HRYC,RC16,1,"December 1, 2018",252,NO,small colony variant,4,I,2,I,0.12,S,0.5,I,1,S,1,S,2,S,≤0.06,S,0.25,S,≤0.125,S,,,,,nt2140Δ3,,,,LESB58,,,,,,,,,,,,,,,,,,,,,,,,,,,,,,,,,,,,,,,,,,,,,,,,,,,,,,,,,,,,,,,,,,,D433E,,,,,,,,G681S,,,,"P694L, A599V, G493A, F311L",D35E,,,,,,,,,,,,,,,R103C,,,,,,,"D2337E, Q1587H",D3367N,,,,,,,,,,,,G218S,,,,,,,,,,V311I,,,,,,,,A8T,,,N121T,,,,,,,,,,Not present,,,,,A283T,,,,,,,,,,,,,,,,,
S47,HRYC,RC16,2,"June 1, 2019",252,NO,regular,16,I,8,I,0.25,S,0.5,I,1,S,1,S,2,S,0.12,S,0.25,S,≤0.125,S,,,,,nt2140Δ3,,,,LESB58,,,,,,,,,,,,,,,,,,,,,,,,,,,,,,,,,,,,,,,,,,,,,,,,,,,,,,,,,,,,,,,,,,,D433E,,,,,,,,G681S,,,,"P694L, A599V, G493A, F311L",D35E,,,,,,,,,,,,,,,R103C,,,,,,,"D2337E, Q1587H",D3367N,,,,,,,,,,,,G218S,,,,,,,,,,V311I,,,,,,,,A8T,,,N121T,,,,,,,,,,Not present,,,,,A283T,,,,,,,,,,,,,,,,,
S46,HRYC,RC16,3,"March 1, 2020",252,NO,small colony variant,8,I,4,I,0.25,S,0.25,I,2,S,1,S,2,S,0.25,S,0.5,S,≤0.125,S,,,,,,,,,LESB58,,,,,,,,,,,,,,,,,,,,,,,,,,,,,,,,,,,,,,,,,,,,,,,,,,,,,,,,,,,,E473Q,,,,,,,D433E,,,,,,,,G681S,,,,"P694L, A599V, G493A, F311L",D35E,,,,,,,,,,,,,,,R103C,,,,,,,"D2337E, Q1587H",D3367N,,,,,,,,,,,,G218S,,,,,,,,,,V311I,,,,,,,,A8T,,,N121T,,,,,,,,,,Not present,,,,,A283T,,,,,,,,,,,,,,,,,
S51,HRYC,RC17,1,"January 1, 2019",1480,NO,regular,≤0.5,S/I,0.5,I,≤0.06,S,0.5,I,1,S,≤0.25,S,0.5,S,≤0.06,S,0.12,S,0.25,S,,,,E249X,,,,,LESB58,,,A604T,,,,,,,,,,,,nt440Δ1,,,,,,,,,,,,,,,,,A262S,,,,,,,,,,,,,,,,,,,P94S,,,,,,,,,,,,,,A527T,,"V181A, S327G",,,,,,,P618T,,,,D214Y,A160G,,,,"E25Q, P399L",,,,,,,,,,,,,F153Y,,,,,DELETED,,,,,R462H,,,,,,,,,,,,,,,,,,,,A714V,,,,,,,A123T,,K299R,,"nt905Δ2, A1149S, G1014S",,,,,,,,,Not present,,,,,,,I167L,,,,,R86H,,S601N,,,,S408G,,,,
S50,HRYC,RC17,2,"September 1, 2019",1480,NO,regular,≤0.5,S/I,1,I,≤0.06,S,0.25,I,1,S,0.5,S,0.5,S,≤0.06,S,0.25,S,≤0.125,S,,,,E249X,,,,,LESB58,,,A604T,,,,,,,,,,,,,,,,,,,,,,,,,,,,,A262S,,,,,,,,,,,,,,,,,,,P94S,,,,,,,,,,,,,,A527T,,"V181A, S327G",,,,,,,P618T,,,,D214Y,A160G,,,,"E25Q, P399L",,,,,,,,,,,,,F153Y,,,,,DELETED,,,,,R462H,,,,,,,,,,,,,,,,,,,,A714V,,,,,,,A123T,,K299R,,"nt905Δ2, A1149S, G1014S",,,,,,,,,Not present,,,,,,,I167L,,,,,R86H,,S601N,,,,S408G,,,,
S49,HRYC,RC17,3,"July 1, 2020",1480,NO,mucoid,≤0.5,S/I,1,I,≤0.06,S,2,R,2,S,0.5,S,0.5,S,≤0.06,S,0.25,S,≤0.125,S,,,,E249X,,,,,LESB58,,,A604T,,,,,,,,,,,,,,,,,,,,,,,,,,,,,A262S,,,,,,,,,,,,,,,,,,,P94S,,,,,,,,,,,,,,A527T,,"V181A, S327G",,,,,,,P618T,,,,D214Y,A160G,,,,"E25Q, P399L",,,,,,,,,,,,,F153Y,,,,,DELETED,,,,,R462H,,,,,,,,,,,,,,,,,,,,A714V,,,,,,,A123T,,K299R,,"nt905Δ2, A1149S, G1014S",,,,,,,,,Not present,,,,,,,I167L,,,,,R86H,,S601N,,,,S408G,,,,
S54,HRYC,RC18,1,"May 1, 2019",2909,NO,regular,16,I,4,I,4,I,1,R,1,S,1,S,2,S,4,S,2,S,≤0.125,S,,,Q31R,,,,,nt1199InsG,LESB58,A149T,,,,"A81V, Q134R",,,,,,,G263S,,,,,,nt1162Δ1,A194S,,,,,,,,,,,,,,,,,,,,,,,,,,,,,,,,,,,,,,,,,,,,,,A528V,,,,,,,,,,A561V,,,A163T,,D64G,,,,,,,,L758V,,,,,,,,,A320V,,,,,,"T1955P, A1468T",,,,,,,,A204T,,,,,,,,,,,,,L168Q,,,K413R,A335V,E97D,,L17F,,,,,,P1021L,,,,,,,,Not present,,,,,S23F,,,,,,,,,,,,,,,,,,
S53,HRYC,RC18,2,"March 1, 2020",2909,NO,regular,32,R,16,R,4,I,1,R,1,S,1,S,2,S,2,S,2,S,≤0.125,S,,,Q31R,,,,,nt1199InsG,LESB58,A149T,,,,"A81V, Q134R",,,,,,,G263S,,,,,,nt1162Δ1,A194S,,,,,,,,,,,,,,,,,,,,,,,,,,,,,,,,,,,,,,,,,,,,,,A528V,,,,,,,,,,A561V,,,A163T,,D64G,,,,,,,,L758V,,,,,,,,,A320V,,,,,,"T1955P, A1468T",,,,,,,,A204T,,,,,,,,,,,,,L168Q,,,K413R,A335V,E97D,,L17F,,,,,,P1021L,,,,,,,,Not present,,,,,S23F,,,,,,,,,,,,,,,,,,
S52,HRYC,RC18,3,"November 1, 2020",2909,NO,regular,32,R,32,R,8,I,2,R,1,S,1,S,2,S,8,S,1,S,≤0.125,S,,,Q31R,,,,,,LESB58,A149T,,,,"A81V, Q134R",,,,,,,G263S,,,,,,nt974InsGTC,A194S,,,,,,,,,,,,,,,,,,,,,,,,,,,,,,,,,,,,,,,,,,,,,,A528V,,,,,,,,,,A561V,,,A163T,,D64G,,,,,,,,L758V,,,,,,,,,A320V,,,,,,"T1955P, A1468T",,,,,,,,A204T,,,,,,,,,,,,,L168Q,,,K413R,A335V,E97D,,L17F,,,,,,P1021L,,,,,,,,Not present,,,,,S23F,,,,,,,,,,,,,,,,,,
S57,HRYC,RC19,1,"March 1, 2020",3216,NO,regular,≤0.5,S/I,1,I,≤0.06,S,0.12,I,1,S,0.5,S,1,S,≤0.06,S,0.25,S,0.5,S,,,,,G935R,,,,MTB-1,,,,,Y162S,,,,,,,,,,,,nt4763Δ3,,"nt876InsT, A280V",,,,,,,,,,,,,,,,,,,,,,,,,,,,,,,P307A,nt407InsCCCAAGCCCAAG,,,,,,,,,,,,,,,,,,K7N,,,,,I297N,N723S,,,R336S,,,,A242S,L177M,,,,DELETED,A469S,,,,,,,,,,,,,,,"D4468N, D2619N, R2341S, A2037E",,,,,,,,,,,,,,,,K124R,,,,,,,R571H,R63G,"A641V, K632N",,,,R66H,F743Y,,,,A640D,,,,,,,G264S,Not present,,,,,V614L,,,A284T,,,,,L25V,,,,,,,,P195T,,
S56,HRYC,RC19,2,"November 1, 2020",2909,NO,regular,32,R,16,R,8,I,1,R,1,S,1,S,4,S,8,S,2,S,≤0.125,S,,,Q31R,,,,,nt1199InsG,LESB58,,,I531T,,"A81V, Q134R, nt346Δ12",,,,,,,G263S,,,,,,nt1162Δ1,A194S,,,,,,,,,,,,,,,,,,,,,,,,,,,,,,,,,,,,,,,,,,,,,,A528V,,,,,,,,,,,,,A163T,,D64G,,,,,,,,L758V,,,,,,,,,,,,,,,"R3384Q, V3085I, T1955P, A1468T",,,,,,,,A204T,,,,,,,,,,,,,L168Q,,,K413R,A335V,E97D,,L17F,,,,,,P1021L,,,,,,,,,Not present,,,,S23F,,,,,,,,,,,,,,,,,,
S55,HRYC,RC19,3,"March 1, 2021",3216,NO,regular,32,R,16,R,16,R,0.5,I,1,S,1,S,1,S,8,S,1,S,0.25,S,,,,,G935R,,,,MTB-1,,,,,Y162S,,,,,,,,,,,,nt4763Δ3,,A280V,,,,,,,,,,,,,,,,,,,,,,,,,,,,,,,P307A,nt407InsCCCAAGCCCAAG,,,,,,,,,,,,,,,,,,K7N,,,,,I297N,N723S,,,R336S,,,,A242S,L177M,,,,DELETED,A469S,,,,,,,,,,,,,,,"D4468N, D2619N, R2341S, A2037E",,,,,,,,,,,,,,,,K124R,,,,,,,,R63G,"A641V, K632N",,,,R66H,F743Y,,,,A640D,,,,,,,G264S,,Not present,,,,V614L,,,A284T,,,,,L25V,,,,,,,,P195T,,
S60,HRYC,RC20,1,"January 1, 2019",175,NO,regular,≤0.5,S/I,0.25,I,≤0.06,S,>4,R,1,S,≤0.25,S,≤0.12,S,≤0.06,S,0.12,S,≤0.125,S,,,,Q107X,,,,,LESB58,,,,,G195D,,,,,,,,"D87N, T83I",,,,,,,,,,,,,,,,,"L168Q, S87W",,A262S,,,,,,,,,,,,,,,,,A14G,,A173T,,,,,,,,,,,,,,,,,,,,,,,,,,,,A72V,,,,,,,, T758S,,,,G125S,,,,A481E,,A381V,,,,,V202L,"G3880C, P2808A, R2737H, A1953P, E140K",,,,,,,,,,A410V,,R19C,,,,,,,,,,,,"P51L, N53I",,,,,,D377N,,,,P340L,,,,,,,E598D,Not present,,M71I,A94T,,,,,,,,,,,,,,S13Y,,,,,,
S59,HRYC,RC20,2,"November 1, 2019",175,NO,regular,8,I,4,I,8,I,>4,R,0.5,S,1,S,2,S,8,S,2,S,0.25,S,,,,Q107X,,,,,LESB58,,,,,G195D,,,,,,,,"D87N, T83I",,,,,,,,,,,,,,,,,"L168Q, S87W",,A262S,,,,,,,,,,,,,,,,,A14G,,A173T,,,,,,,,,,,,,,,,,,,,,,,,,,,,A72V,,,,,,,, T758S,,,,"nt24InsGC, G125S",,,,A481E,,A381V,,,,,V202L,"G3880C, P2808A, R2737H, A1953P, E140K",,,,,,,,,,A410V,,R19C,,,,,,,,,,,,"P51L, N53I",,,,,,D377N,,,,P340L,,,,,,,E598D,Not present,,M71I,A94T,,,,,,,,,,,,,,S13Y,,,,,,
S58,HRYC,RC20,3,"September 1, 2020",175,NO,regular,16,I,8,I,16,R,>4,R,0.5,S,1,S,4,S,8,S,1,S,0.25,S,,,,Q107X,,,,,LESB58,,,,,G195D,,,,,,,,"D87N, T83I",,,,,,,,,,,,,,,,,"L168Q, S87W",,A262S,,,,,,,,,,,,,,,,,A14G,,A173T,,,,,,,,,,,,,,,,,,,,,,,,A215T,,,,A72V,,,,,,,, T758S,,,,G125S,,,,A481E,,A381V,,,,,V202L,"G3880C, P2808A, R2737H, A1953P, E140K",,,,,,,,,,A410V,,R19C,,,,,,,,,,,,"P51L, N53I",,,,,,D377N,,,,P340L,,,,,,,E598D,Not present,,M71I,A94T,,,,,,,,,,,,,,S13Y,,,,,,
S63,HRYC,RC21,1,"June 1, 2018",NEW4,NO,regular,4,I,1,I,0.12,S,>4,R,2,S,0.5,S,1,S,≤0.06,S,0.5,S,≤0.125,S,,,,,,,,,LESB58,,,R534Q,,,,,,,,,,D87Y,,,,,,,,,,,,,,R163P,,,,,,,,,,,,,,,,,,,,,,T310M,,,,,,,,,,,,,,,,V113I,,,,,,,nt1382Δ1,,,,,,,,R48H,,,,,S340P,,,,P251S,,,,,L29P,,,,,,A347T,,"G1478S, Q282K","E3061K, R2885H",L50F,,,,,,,,,T470A,G145S,,,,,,"N507D, H474Y",,,,,,,,,,,,,,,,,R1492C,,,,,,,,,Not present,,,,,,,,,G674S,,,,P178S,,,,,,,,,
S62,HRYC,RC21,2,"March 1, 2019",NEW4,NO,regular,16,I,1,I,0.12,S,>4,R,1,S,0.5,S,0.5,S,≤0.06,S,0.258,S,≤0.125,S,,,,,,,,,LESB58,,,R534Q,,,,,,,,,,D87Y,,,,,,,,,,,,,,R163P,,,,,,,,,,,,,,,,,,,,,,T310M,,,,,,,,,,,,,,,,V113I,,,,,,,nt1382Δ1,,,,,,,,R48H,,,,,S340P,,,,P251S,,,,,L29P,,,,,,A347T,,"G1478S, Q282K","E3061K, R2885H",L50F,,,,,,,,,T470A,G145S,,,,,,"N507D, H474Y",,,,,,,,,,,,,,,,,R1492C,,,,,,,,,Not present,,,,,,,,,G674S,,,,P178S,,,,,,,,,
S61,HRYC,RC21,3,"December 1, 2019",NEW4,NO,regular,16,I,1,I,0.12,S,>4,R,1,S,1,S,1,S,0.12,S,0.25,S,0.5,S,,,,,,,,,LESB58,,,R534Q,,,,,,,,,,D87Y,,,,,,,,,,,,,,R163P,,,,,,,,,,,,,,,,,,,,,,T310M,,,,,,,,,,,,,,,,V113I,,,,,,,nt1382Δ1,,,,,,,,R48H,,,,,S340P,,,,P251S,,,,,L29P,,,,,,A347T,,"G1478S, Q282K","E3061K, R2885H",L50F,,,,,,,,,T470A,G145S,,,,,,"N507D, H474Y",,,,,,,,,,,,,,,,,R1492C,,,,,,,,,Not present,,,,,,,,,G674S,,,,P178S,,,,,,,,,
S66,HRYC,RC22,1,"October 1, 2018",379,YES,regular,4,I,2,I,0.25,S,0.12,I,0.5,S,1,S,1,S,0.25,S,0.5,S,1,S,,,,,,,R180L,,LESB58,,,,,,T167I,,,,,,,,,,,nt4763Δ3,,,,,,,A214V,,,,,,,,,,,,,,,I133V,,,,,,,,,,V153M,,"V261I, nt507Δ12",,,,,,,,," R629H, N171S",,,,,,,,,,M43I,,R3K,"H334R, G538S",A68T,,,,,,,Q168*,,,"Y558F, P37A, A33S, A29T",,,,,,,,,,,,,,,,,,,,,"D760G, A55V",H532R,,,,N698S,,,F584Y,,H87P,,,,,,,,,V48I,,,,,,,nt2049Δ1,,,P80R,,,G990D,,,,,,,R377C,,Not present,,S150A,,T53A,,,,,I40T,,,,,,,V276L,D320N,,,,,
S65,HRYC,RC22,2,"May 1, 2019",379,YES,regular,4,I,2,I,0.25,S,0.25,I,1,S,1,S,2,S,0.25,S,0.5,S,1,S,,,,,,,R180L,,LESB58,,,,,,T167I,,,,,,,,,,,nt4763Δ3,,,,,,,A214V,,,,,,,,,,,,,,,"nt1Ins12, I133V",,,,,,,,,,V153M,,V261I,,,,,,,,, R629H,,,,,,,,,,M43I,,R3K,"H334R, G538S",A68T,,,,,,,Q168*,,,"Y558F, P37A, A33S, A29T",,,,,,,,,,,,,,,,,,,,,"D760G, A55V",H532R,,,,N698S,,,F584Y,,H87P,,,,,,,,,V48I,,,,,,,nt2049Δ1,,,P80R,,,G990D,,,,,,,R377C,,Not present,,S150A,,T53A,,,,,I40T,,,,,,,V276L,D320N,,,,,
S64,HRYC,RC22,3,"August 1, 2020",168,NO,regular,8,I,8,I,0.25,S,0.12,I,2,S,1,S,4,S,0.5,S,0.5,S,0.5,S,,,,,,,,,LESB58,,,,,,,,,,,,,"A659T, nt2739Δ6",,,,,,,,,,,,,,,,,,,,,,,,,,,,,,,,,,,,V153M,,,,,,,,,,,,,,,,,,,,,,,,,,,,,,,,,,D653A,,Q43K,,,,,,,,,,,,,,,,,A1346T,"P4988S, V4377I, V2631M, W931R",,,,,,H14Y,V664M,,,,nt555InsGAGCGGCAT,,,,,,,,,,,,,,,,,,,G80A,,,,,,,T13M,,,,M339I,,Not present,,,,A439V,,,V696A,,,,,,,A505V,,V276L,,F124L,,V452M,,
S69,HRYC,RC23,1,"November 1, 2019",245,NO,regular,32,R,32,R,2,S,0.25,I,2,S,2,S,4,S,2,S,0.5,S,0.25,S,,,,,,,,,F23197,,,,,nt361Δ1,,,,,,,,,,,,,,,,,,,,,,,,,,,,,,,,,,,,,,,,,,,,N326S ,,P171L,,,,,,,,,,,,,,,,,,,,,,,,,,,,,A61V,,,,,,,,,,,P79L,,,,,,A110G,,T98P,,DELETED,,,,,,,,,,,,,,,,,,,,,,,,,,,,,,,,,,,,E1688K,,,,,,,,,Not present,,,,,,,,,,,,,,,,,,,,,,
S68,HRYC,RC23,2,"May 1, 2020",245,NO,regular,32,R,32,R,2,S,0.5,I,2,S,1,S,2,S,1,S,0.5,S,1,S,,,,,,,,,F23197,,,,,nt84Δ19,,,,,,,,,,,,,,,,,,,,,,,,,,,,,,,,,,,,,,,,,,,,N326S ,,P171L,,,,,,,,,,,,,,,,,,,,,,,,,,,,,A61V,,,,,,,,,,,P79L,,,,,,A110G,,,,DELETED,,,,,,,,,,,,,,,,,,,,,,,,,,,,,,,,,,,,E1688K,,,,,,,,,Not present,,,,,,,,,,,,,,,,,,,,,,
S67,HRYC,RC23,3,"December 1, 2020",245,NO,regular,16,I,16,R,0.5,S,0.12,I,1,S,1,S,2,S,0.5,S,0.5,S,≤0.125,S,,,,,Y856X,,,,F23197,,,,,,,,,,,,,,,,,,,,,,,,,,,,,,,,,,,,,,,,,,,,,,,,,N326S ,,P171L,,,,,,,,,,,,,,,,,,,,,,,,,,,,,A61V,,,,,,,,,,,P79L,,,,,,A110G,,,,DELETED,,,,,,,,,,,,,,,,,,,,,,,,,,,,,,,,,,,,E1688K,,,,,,,,,Not present,,,,,,,,,,,,,,,,,,,,,,
S72,HRYC,RC24,1,"June 1, 2018",3774,NO,regular,≤0.5,S/I,4,I,0.5,S,2,R,1,S,0.5,S,1,S,0.5,S,1,S,≤0.125,S,,,,,,,,,LESB58,,,"A772T, T238I",,,,nt918Δ9,P28L,,,,,"D87V, T83I",,,,,H332Q,,,,,,,,,T39P,,,,,E124V,nt16Δ4,,,,,,,,,,,,,,,,DELETED,DELETED,DELETED,DELETED,DELETED,,,D155H,,,,,,,,,"I318L, D64N",,,,,,,,,,,,,,,,,,,,,,,,,,,,,,,,,A89T,,,DELETED,,S392N,G95D,,R414H,,,,S241R,,,,,,,,,A118T,,,,,,P315S,,,,,,,A45P,,,,,M436I,,,,,,,,I446S,Not present,,,,,,,S439G,,G141S,,,A331V,,,,,D49N,,,R625Q,,
S71,HRYC,RC24,2,"January 1, 2019",3774,NO,regular,8,I,>32,R,16,R,4,R,>4,R,8,R,4,S,4,S,4,R,0.25,S,,,,,,,,,LESB58,,,"A772T, T238I",,R126S,,,P28L,,,,,"D87V, T83I",,,,,H332Q,,,,"R504C, G63D",,,,,,,S324P,,,E124V,,,,,,,,,,,,,,,,,,,K130R,,,,,D155H,,,,,,,,,"I318L, D64N",,,,,,,,,,,,,,,nt962Δ2 ,,,,,,,,,,,,,,,,,,A89T,,,DELETED,,S392N,A53V,,R414H,,,,S241R,,,,,,,,,A118T,,,,,,P315S,,,,,,,A45P,,,,,M436I,,,,,,,,I446S,Not present,,,,,,,S439G,,G141S,S147L,,A331V,,,,,D49N,,,R625Q,,
S70,HRYC,RC24,3,"January 1, 2020",3774,NO,regular,4,I,32,R,8,I,4,R,>4,R,4,S,4,S,4,S,4,R,0.25,S,,,,,,,,,LESB58,,,"A772T, T238I",,R126S,,,P28L,,,,,"D87V, T83I",,,,,H332Q,,,,"R504C, G63D",,,,,,,V431I,,,E124V,,,,,,,,,,,,,,,,,,,K130R,,,,,D155H,,,,,,,,,"I318L, D64N",,,,,,,,,,,,,,,nt962Δ2,,,,,,,,,,,,,,,,,,A89T,,,DELETED,,S392N,A53V,,R414H,,,,S241R,,,,,,,,,A118T,,,,,,P315S,,,,,,,A45P,,,,,M436I,,,,,,,,I446S,Not present,,,,,,,S439G,,G141S,S147L,,A331V,,,,,D49N,,,R625Q,,
S75,HRYC,RC25,1,"January 1, 2019",1993,NO,regular,1,I ,2,I,0.25,S,0.12,I,2,S,2,S,2,S,0.12,S,1,S,0.25,S,,,,Q114X,,,,,FRD1,"G276R, A168T",,,,,,,,,F512L,,,,,E189K,,Y360F,,,,,V19A,,,,,,,,,,,,,,,,,,,,,,,,,,,"S371A, P725S",,,,,,,,,,,,,,,,,,,,,,R118C,,,,,,,,,,,,,,,,DELETED,A200T,,,,,,,,,,,,,DELETED,,,,A106T,Q161R,,G417S,,A714V,,,V674I,,,,,,,E185D,,,,,,,,,,,,,,,,,E500D,,,E128Q,,,,,Not present,,,,,,,L289M,,,,,,,,,,,,,,"D319N, A218T, R170L",,
S74,HRYC,RC25,2,"January 1, 2020",1993,NO,regular,≤0.5,S/I,2,I,0.25,S,0.25,I,2,S,1,S,1,S,0.12,S,0.5,S,≤0.125,S,,,,Q114X,,,,,FRD1,"G276R, A168T",,,,,,,,,F512L,,,,,E189K,,Y360F,,,,,V19A,,,,,,,,,,,,,,,,,,,,,,,,,,,"S371A, P725S",,,,,,,,,,,,,,,,,,,,,,R118C,,,,,,,,,,,,,,,,DELETED,A200T,,,,,,,,,,,,,DELETED,,,,A106T,Q161R,,G417S,,A714V,,,V674I,,,,,,,E185D,,,,,,,,,,,,,,,,,E500D,,,E128Q,,,,,Not present,,,,,,,L289M,,,,,,,,,,,,,,"D319N, A218T, R170L",,
S73,HRYC,RC25,3,"November 1, 2020",1993,NO,regular,≤0.5,S/I,2,I,0.12,S,0.5,I,2,S,1,S,1,S,0.12,S,0.5,S,0.25,S,,,,Q114X,,,,,FRD1,A168T,,,,,,,,,F512L,,,,,E189K,,Y360F,,,,,V19A,,,,,,,,,,,,,,,,,,,,,,,,,,,"S371A, P725S",,,,,,,,,,,,,,,,,,,,,,R118C,,,,,,,,,,,,,,,,DELETED,A200T,,,,,,,,,,,,,DELETED,,,,A106T,Q161R,,G417S,,A714V,,,V674I,,,,,,,E185D,,,,,,,,,,,,,,,,,E500D,,,E128Q,,,,,Not present,,,,,,,L289M,,,,,,,,,,,,,,"D319N, A218T, R170L",,
